{"4": "different Bank ke beech mein fund transfer karne ka sabse fast medium \n Question: NEFT ke tahat paise turant transfer", "9": " 512 MB \n Question: Mitashi ke Android TV ke processor kaunsa hai?  \n Answer: Dual core \n Question", "19": "smaart TV \n Question: Mitashi company ka logo kya hai?  \n Answer: T.V. \n Question: Mitashi", "49": "samsung \n Question: Microsoft ne kaisa phone launch kiya hai?  \n Answer: Windows 10 \n Question: Microsoft ne", "50": "satya Nadella \n Question: Microsoft ke windows 10 ke kamaal ka naam kya hai?  \n Answer: Continu", "54": " company ke store aur website par \n Question: Airtel ke 4G internet ke offer kya hain?  \n Answer: 25", "58": " Dual \n Question: Hike messenger app ke changes kaunse mobile OS mein pehele aaye?  \n Answer: Android ", "68": "\n Question: Yu Yunique mein 4.7 inch ka display hai ya 5.1 inch ka display?  \n Answer:", "72": "\n Question: Micromax Yu Yunique smartphone mein 8 Megapixel ka rear camera with LED flash ke saath kaunsa sensor ha", "80": "in dono mein se koi nahi \n Question: samsung galaxy s6 ka competitor kaun sa phone hai?  \n", "88": "  Amazon \n Question: Alexa rank kis website ko show karta hain ?  \n Answer: Worldwide \n Question: Alexa rank kis", "89": "  Website \n Question: Alexa rank kis desh mein kitna popular hain?  \n Answer: World \n Question: Alexa", "90": "  Amazon \n Question: Alexa rank kis website ko show karta hain ?  \n Answer: Worldwide \n Question: Alexa rank kis", "107": " Dusre 2.78 Crore \n Question: India mein Landline phone kanhi hain ya Mobile phone?  \n Answer:", "115": " 2011 \n Question: Mark Zuckerberg ka rang blind hona kya hain ?  \n Answer: Blue \n Question:", "133": "in sab ka owner Mukesh Ambani hain \n Question: Airtel kaunsi company hain ?  \n Answer: Bhart", "137": "spartan \n Question: Microsoft ke naye browser ka rendering engine ka naam kya hai?  \n Answer: Edge HTML \n Question:", "140": "spartan \n Question: Microsoft ke web browser ka naam kya hai ?  \n Answer: Spartan \n Question: Microsoft ke web browser", "166": "\n Question: Micromax company ka main competitor koun sa hai?  \n Answer: Samsung \n Question: Micromax company ka", "200": "\n Question: Eiffel Tower ka owner kiske liye build kiya gaya tha ?  \n Answer: Gustave Eiffel \n", "201": "sweets \n Question: Bugs bunny ka favourite game kya tha ?  \n Answer: eating \n Question: B", "202": "  1945 \n Question: Nagasaki aur Hiroshima me explosions kaunse type ke h ?  \n Answer: nuclear", "203": "s \n Question: Nagasaki aur Hiroshima kis desh me he ?  \n Answer: Japan \n Question: Nagasaki aur", "204": "s 1903 \n Question: Wright brothers ne kis saal me first flight udai ?  \n Answer: 1903", "205": "sabse pehli shahar \n Question: Taj Mahal kaunsi city mein paya jayega ?  \n Answer", "206": "soul reaper \n Question: death note kisne likhi hai ?  \n Answer: Tsugumi Ohba \n Question: death note", "207": "south Korea \n Question: death note kisne likhi hai ?  \n Answer: Tsugumi Ohba \n Question: death note kis", "208": "s Ryuk \n Question: Light ko death note kisne diya tha ?  \n Answer: Ryuk \n Question: Light ko death note", "209": "sabhapradharaajya \n Question: Bugs Bunny ka favourite fruit koun sa hai ?  \n Answer: car", "210": "sachin tendulkar Indian team \n Question: sachin tendulkar kaunse national team ke liye khelta tha ?", "211": "sorcerer 's stone \n Question: Harry potter kis school mei padhta tha ?  \n Answer: Hogwarts School", "212": "sahara \n Question: Taj Mahal ke creator kaun hai ?  \n Answer: Mumtaz \n Question: T", "213": "sultan Shah Jahan \n Question: Taj Mahal kaunse sheher mei hai ?  \n Answer: Agra \n Question", "214": "sugumi ohba \n Question: Near in death note kisne likhi hai ?  \n Answer: Tsugumi Ohba \n Question", "215": "sabhi dinosaurs \n Question: Jurassic Park movie ke director kaun hai ?  \n Answer: Steven Spielberg \n Question", "216": "sabhi dinosaurs \n Question: Jurassic Park film kis jaanwar ke u \n Answer: dinosaurs \n Question:", "217": "sauropod \n Question: Jurassic Park movie ke director kaun hai ?  \n Answer: Steven Spielberg \n Question: Jur", "218": "science - fiction \n Question: Jurassic Park movie ke director kaun hai ?  \n Answer: Steven Spielberg \n Question: Jur", "219": "south America \n Question: Football player Messi kaunse desh ke liye khelta hain ?  \n Question: Football player Mess", "220": "scientists \n Question: Jurassic Park movie ke director kaun hain ?  \n Answer: Steven Spielberg \n Question: Jurass", "221": "scientists \n Question: Jurassic Park movie ke director kaun hai ?  \n Answer: Steven Spielberg \n Question: Jurass", "222": "safar \n Question: Jurassic Park movie ke director kaun hai ?  \n Answer: Steven Spielberg \n Question: Jurass", "223": "sattler \n Question: Jurassic Park movie ke director kaun hai ?  \n Answer: Steven Spielberg \n Question: Jurass", "224": "satyajeet bhansal \n Question: Steve jobs kaunse company ke founder hain ?  \n Answer: Apple \n Question:", "225": "s 1912 \n Question: Titanic ship kis country ke liye banaya gya tha ?  \n Answer: Britain ", "226": "sultan \n Question: Burj Khalifa ka height kya hai ?  \n Answer: 828 \n Question: Burj", "227": "south \n Question: Niagara falls Canada ke kis country me hai ?  \n Answer: United States \n Question: Niagara falls", "228": "s 1999 \n Question: Tarzan movie kis actor ne Jane ki role play ki hai ?  \n Answer: Johnny Weiss", "229": "s 1997 \n Question: Mother Teresa kaunse nationality ki thi ?  \n Answer: Indian \n Question: Mother", "230": "s 1903 \n Question: Wright brother kis country me pale jayi thi ?  \n Answer: United States \n Question:", "231": "south Taiwan \n Question: HTC kaunsa phone launch kiya tha ?  \n Answer: HTC One \n Question: HTC", "232": "\n Question: Golden Gate Bridge kis city mei hai ?  \n Answer: San Francisco \n Question: Golden Gate Bridge kis state mein hai", "233": "sometime in 2016 \n Question: MacBook Pro ko first time kab announce kiya giya tha ?  \n", "234": "\n Question: Rubik 's cube mein kitne pieces hote hai ?  \n Answer: 27 \n Question: Rubik"}