{"4": " \n[SYS]", "9": " \nThe answer is 512 MB", "19": " \n[instruction]", "49": " \nMicrosoft", "50": " \nMicrosoft ke Joe Belfear ne Continuum ka kamaal dikhaya.", "54": " \n[instruction]", "58": " \n[instruction]", "68": " \n[answer]", "72": " \n[SYS]", "80": " \n[SYS]]", "88": " \n[SYS]", "89": " \n[SYS]", "90": " \n[SYS]", "107": " \n[answer] 2.78 Crore", "115": " \n[context]", "133": " \n1. 4G sachmuch kitna fast hain?Agar aap Bharat mein 4G connection lete", "137": " \n[SYS]", "140": " \n[SYS]", "166": " \n[answer] ", "200": " \n[SYS]", "201": " \n[SYS]", "202": " \n[instruction]", "203": " \n[SYS]", "204": " \n[SYS]", "205": " \n[SYS]", "206": " \n[answer]", "207": " \n[SYS]", "208": " \nThe name of the Shingami in Death Note is Ryuk.", "209": " \nBugs Bunny is a rabbit.", "210": " \n[SYS]", "211": " \n[SYS]", "212": " \nThe Taj Mahal was built by Mughal Emperor Shah Jahan upon the death of his favorite wife Mumtaz Mahal .", "213": " \n[SYS]", "214": " \n[SYS]", "215": " \nThe film is set on the fictional Isla Nublar , an islet located off Central America 's Pacific Coast , near Costa Rica , where", "216": " \n[SYS]", "217": " \nThe answer is \" Velociraptor \"", "218": " \nThe film is based on the 1990 novel of the same name by Michael Crichton .", "219": " \n[answer] Argentina", "220": " \nMichael Crichton", "221": " \nThe animals in Jurassic Park are dinosaurs.", "222": " \nThe animal in Jurassic Park is a dinosaur.", "223": " \nThe answer is \" Brachiosaurus \"", "224": " \nTim Cook", "225": " \n[SYS]", "226": " \n[SYS]", "227": " \n[SYS]", "228": " \n[SYS]", "229": " \n[SYS]", "230": " \n[SYS]", "231": " \n[SYS]", "232": " \nThe Golden Gate Bridge traffic was opened on May 27, 1937.", "233": " \n[instruction]", "234": " \n[SYS]"}