{"4": " yeh answer the question based on the context below.\n[context]: NEFT (National Electronic Funds Transfer) India mein online paise b", "9": " 512 ", "19": " Android TV ", "49": " Microsoft ", "50": " Joe Belfear ", "54": " 2 ", "58": " phone answer the question based on the context below. [context]: Hike messenger app ne apne features mein changes kiye hain. Iske", "68": " 8 GB ", "72": " Quad-Core 64 Bit Snapdragon 410 ", "80": " Android ", "88": " <</SYS>> Answer the question based on the context below. [context]: Alexa Website Amazon company ki taraf se banayi gyi ha", "89": " Alexa rank ", "90": " <</SYS>> Answer the question based on the context below. [context]: Alexa Website Amazon company ki taraf se banayi gyi ha", "107": " computer answer the question based on the context below.\n[context]: BSNL ne apne broadband users ko free mein landline kaneksh", "115": "in answer the question based on the context below, answer the question based on the context below. [context]: Iceland ka Sanvidhaan lika", "133": "in answer the question based on the context below, answer the question based on the context below. [context]: 4G ke saath India ka telecom", "137": " Microsoft Edge ", "140": " Microsoft Edge ", "166": " 8 Megapixel ", "200": " France ", "201": " Carrots ", "202": " 1945 ", "203": " Japan ", "204": " 1903 ", "205": " Agra ", "206": " Japan ", "207": " Japan ", "208": " Ryuk ", "209": " rabbit ", "210": " India ", "211": " Hogwarts School of Witchcraft and Wizardry ", "212": " Shah Jahan ", "213": " Shah Jahan ", "214": " Tsugumi Ohba ", "215": " dinosaurs ", "216": " dinosaurs ", "217": " dinosaurs ", "218": " dinosaurs ", "219": " Argentina ", "220": " Michael Crichton ", "221": " dinosaurs ", "222": " dinosaurs ", "223": " dinosaurs ", "224": " Tim Cook ", "225": " 1912 ", "226": "s[INST] Answer the question based on the context below. [context]: Burj Khalifa , at 828 metres (2,7", "227": " Ontario ", "228": " 1999 ", "229": " 1997 ", "230": " 1903 ", "231": " Taiwan ", "232": " 1937 ", "233": " 2016 ", "234": " six "}