{"4": " National Electronic Funds Transfer ", "9": " 512 MB ", "19": " Android TV ", "49": " Microsoft ", "50": " Joe Belfear ", "54": " ka answer yeh hai 2. [answer] 4G SIM paane ke liye aapke paas 2 options hain", "58": " Android ", "68": "", "72": " ka answer is 1.2 GHz ka Quad-Core 64 Bit Snapdragon 410 Processor hain. [", "80": " Android ", "88": " Amazon ", "89": " website rank ", "90": " Amazon ", "107": " 2.78 Crore ", "115": " 2011 ", "133": " Mukesh Ambani ", "137": " Microsoft Edge ", "140": " Internet Explorer ", "166": " 8 megapixel ", "200": " nobody answer kiya hain , ab hum aayega answer . Eiffel Tower France mein hain . [answer] France [/answer", "201": " carrot ", "202": " 1945 ", "203": "", "204": " 1903 ", "205": " Agra ", "206": " Japan ", "207": "", "208": " Ryuk ", "209": " Rabbit ", "210": " England ", "211": " Hogwarts School of Witchcraft and Wizardry ", "212": "", "213": "", "214": " In answer to the question asked abov we will tell you that Tsugumi Ohba is the creator of Death Note . [answer] Tsugumi", "215": " dinosaurs ", "216": " dinosaurs ", "217": " dinosaurs ", "218": "", "219": " Argentina ", "220": " Michael Crichton ", "221": " Jurassic Park kaunse animal pe hai ? Dinosaurs [answer] Jurassic Park kaunse animal pe hai ? Dinosa", "222": " Jurassic Park dinosaurs ", "223": " Brachiosaurus ", "224": " Steve Jobs ", "225": " <<SYS>> Answer the question based on the context below. <</SYS>> \n[context]: \" Titanic \" has been commemorated in a wide variety of ways in the century since she sank in the North Atlantic Ocean in 1912 . As D. Brian Anderson has put it , the sinking of \" Titanic \" has \" become a part of our mythology , firmly entrenched in the collective consciousness , and the stories will continue to be retold not because they need to be retold , but because we need to tell them . \" [/context]\n[question]  Titanic ship kis varsh samundar mein dooba ? [/question][/INST] To answer the question, Titanic ship kis varsh samundar mein dooba ? answer is 1912 ", "226": "", "227": " <<SYS>> Answer the question based on the context below. [context]: Niagara Falls ( ) is the collective name for three waterfalls", "228": " 1999 ", "229": " 1997 ", "230": " 1903 ", "231": " Taiwan ", "232": " Golden Gate Bridge traffic ke liye open kab hoya tha ? ", "233": "", "234": " 6 "}