{"4": " National Electronic Funds Transfer ", "9": "s answer is 512 MB [INST] [answer] [/INST] [question]  Mitashi ke Android TV me Processor kit", "19": "s answer is Android TV [/INST]", "49": " <<SYS>> Answer the question based on the context below. <</SYS>> \n[context]: Kaisa ho agar aapka smartphone computer ka bhi kaam kare. Microsoft ne is or kadam badhaye hain. Microsoft ne Windows 10 ke ek khas feature 'Continuum' ka khulasa kiya hain. 'Continuum' Microsoft ke windows 10 Smartphone ko badi screen se connect karne par desktop PC mein badal deta hain. Yahi nahi Continuum Tablet aur PS ke beech yeh suvidha deta hain. Ek event mein Microsoft ke Joe Belfear ne 'Continuum' ka yeh Dual screen kamaal dikhaya. Unhone dikhaya ki Windows 10 Smartphone ke Excel aur Photo App PC par kaam karte hain. Phone App se desktop App par copy paste bhi kiya ja sakta hain. Company ab developers ko aisa software develop karne ke liye tools muhaiya kara rahi hain Jo PC, Smartphone, Tablets aur Xbox par chal sake. [/context]\n[question]  Continuum ye feature kaunsi company ne launch kiya hai? [/question][/INST]\ufffd\ufffd Microsoft ", "50": " <<SYS>> Answer the question based on the context below. <</SYS>> \n[context]: Kaisa ho agar aapka smartphone computer ka bhi kaam kare. Microsoft ne is or kadam badhaye hain. Microsoft ne Windows 10 ke ek khas feature 'Continuum' ka khulasa kiya hain. 'Continuum' Microsoft ke windows 10 Smartphone ko badi screen se connect karne par desktop PC mein badal deta hain. Yahi nahi Continuum Tablet aur PS ke beech yeh suvidha deta hain. Ek event mein Microsoft ke Joe Belfear ne 'Continuum' ka yeh Dual screen kamaal dikhaya. Unhone dikhaya ki Windows 10 Smartphone ke Excel aur Photo App PC par kaam karte hain. Phone App se desktop App par copy paste bhi kiya ja sakta hain. Company ab developers ko aisa software develop karne ke liye tools muhaiya kara rahi hain Jo PC, Smartphone, Tablets aur Xbox par chal sake. [/context]\n[question]  Microsoft ke kaunse employee nein Continuum ka kamaal dikhaya? [/question][/INST]\ufffd\ufffd Joe Belfear ", "54": " 2 ", "58": " <<SYS>> Answer the question based on the context below. <</SYS>> \n[context]: Hike messenger app ne apne features mein changes kiye hain. Iske chalte users ab free group call ki suvidha ka anand utha sakenge. Lekin abhi yeh service sirf Android users ke liye hi hain. Lekin bahut jald ise iOS ke liye bhi launch kar diya jayega. Vahi Windows users ke liye yeh 2016 mein available hoga. 100 Log ek saath karenge baat :Ek report ke mutabik, instant messaging app hike apne users ko attract karne ke liye naya plan lekar aayi hain. Company ne sabhi Android Hike users ke liye free group calling ki facility uplabadh kara di hain. Isme jyada se jyada 100 log aapas mein ek saath baat kar sakenge. Yahi nahi Hike ne group chat ke ander ek single call button diya hain jis par press karte hi group se jude sabhi members ke pass automatic call chali jayegi.Kaise kiya jayega istemal :Philhaal company ne free calling ki suvidha to de di hain. Users agar iska istemal karna chahe to unhe Hike Call button ko press karna padega. Button dabate hi yeh call group ke sabhi members ke paas pahuch jayegi. Iske baad jo bhi member baat karega, veh group ke sabhi logo ko sunayi degi. Halaki yeh baat dhyaan rahe, jo member call ko disconnect kar dega veh calling ke dauran khud hi bahar ho jayega.200 million users hain target :Hike messenger ke founder aur CEO Kevin Bharti Mittal ka kahna hain ki, Kai Hike users group calling ko lekar complain kiya karte thay. Aise mein company ne ek single button se hi free mein group call karne ki suvidha de di hain. Ab ek tap karte hi dosto se aaram se baatein ho jayengi. Philhaal Hike mein yeh naya free calling feature company ki marketing ka ek hissa hain. Company ka target 200 million Hike users banana hain. Gaurtalab hain ki company ne haal hi mein Hike messenger ko update kiya tha. Company ka dawa hain ki yeh naya update messenger slow network condition mein bhi acche se kaam karne mein mahir hain. [/context]\n[question]  Hike messenger app ke changes kaunse mobile OS mein pehele aaye? [/question][/INST]sa answer Android ", "68": "s answer is 8 GB [INST] [answer] [/INST] [question] Yu Yunique mein processor kya hain? [/", "72": "s answer is  Quad-Core 64 Bit Snapdragon 410 Processor [INST] [answer] [/INST]", "80": "in answer to the question based on the context below. \n[context] Agar aapko Android smartphone khareedna hain to", "88": " <<SYS>> Answer the question based on the context below. <</SYS>> \n[context]: Alexa ek website hain jo Amazon company ki taraf se banayi gyi hain. Alexa Rank veh rank hoti hain jo Alexa ki website kisi website ko ranking deti hain. Example ke taur maan lijiye hum sabhi students hain aur exam dene baad hamare dwara prapt kiye gye exam marks ke base par hamari apni class mein rank aata hain, Jaise ki koi 1st aata hain aur koi second aata hain, Kisi bhi Board/University ke exam ke baad marks ke according Students ki Merit List aur Ranking hoti hain. Usi tarah se Alexa bhi world ke har blog aur Website ki ranking , oos website/blog par aane wale daily traffic ke mutabik set karti hain. Matlab Alexa Rank ke jariye aap samajh sakte hain ki koi Website/Blog world mein kitna famous hain. Koi blog/website kaun se desh mein kitna popular hain. Alexa traffic ke hisaab se har website ko rank deta hain. Isse pata chalta hain ki koi website kitne paaydaan (Position) par hain. Alexa Kisi blog aur Website ko 2 tarah ki Ranking deti hain, Pahli rank Worldwide hoti hain, Jiska matlab yeh hota hain ki aapki website aur aapka blog Duniya mein kitna popular hain aur world mein iski kya position hain. Dusra Rank Country wise hota hain, Jiska matlab yeh hain ki aapke Blog/Website par agar kisi ek country ka zyada traffic aata ho toh veh Alexa Rank yeh show karti hain ki oos country mein aapki website ka Rank kya hain. Duniya bhar ke Advertiser bhi Alexa rank ko kisi website ki popularity ka paimana mante hain. Acchi Alexa ranking hone se Advertiser khud b khud aapki website par khiche chale aate hain. Kisi website ki alexa rank kitni honi chahiye ? Kisi website ki Alexa Rank jitni kam hogi, Website ke liye utna hi accha hain. Top Alexa Ranking ke hisaab se Agar aapki Website ki Rank Worldwide 1 Lakh se kam hain toh Yeh bahut hi badhiya hain. Kyonki 1 Lakh se kam Alexa Ranking wali Website ko Top Website wala mana gaya hain. Alexa 1 lakh se kam ranking wali website ka sahi se ranking bhi deti hain. Lekin Kisi Website ka 1,00,000 se kam Alexa ranking ko pana Website ke high traffic par depend karta hain. Agar aapki Website sach mein 1,00,000 Ranking se kam hain toh sach mein aap great ho. Alexa kaise tay karta hain kisi website ki ranking? Alexa kisi bhi website ki ranking oos website par aane wale daily traffic ke mutabik tay karta hain. Aur yehi wajah hain ki har website ki Alexa ranking har din kam-jyada hoti rahti hain, Kyonki har website par har din kam-jyada traffic aata rahta hain. Isliye Alexa ranking ka paimana website ki traffic hain. Alexa Ranking ko increase karne (Badhane) ke tips. Alexa Ranking ko Increase (Badhane) ke tips ki jagah agar hum Alexa rank ko kam karne ki tips kahe toh zyada accha rahega. Kyonki Alexa rank jitni kam hogi utna hi accha hain. Yani ki Alexa rank ko Kam karne ki tips jante hain. 1. Alexa Rank Traffic par depend hota hain, Isliye koshish kare ki aap apni website par zyada se zyada visitors ko attract kare. 2. Alexa ranking acchi karne ke liye aap apne blog/website ko daily update karte rahe. Isliye aap apne blog/website par daily naye articles likhte rahe. Agar aap apne blog par daily article nahi likhenge toh aapke website ki alexa rank gir jati hain. Isliye Blog par hamesha nayi post jaroor likhte rahna chahiye. 3. Alexa Ranking ko increase karne ke liye jaroori hain ki aapke website par computer users ka traffic zyada aana jaroori hain. Kyonki agar aapki website par zyada computer/Laptop users visit karenge toh Alexa ranking aur bhi tezi ke saath increase karegi. 4. Alexa Ranking increase karne ke liye jaroori hain ki apni site ko attractive banaye, Jisse jyada users aapki website par aayenge aur zyada traffic ki wajah se Alexa Rank increase karegi. 5. Alexa Ranking ka Widget aap apne website par lagaye, Isse Alexa ko aapke website ko sahi rank karne mein madad milegi. 6. Koshish kare ki aapki website 1,00,000 ke under ho isse alexa sahi ranking deta hain. 7. Apni Website ka bounce rate kam karne ki koshish kare. Bounce rate vah hota hain jisse hame pata chalta hain ki aapki website par koi user aapki website par kitna waqt deta hain. Matlab ki aapki website par koi user kitna der tak thaharta hain. Agar aapke website par koi visitor aata hain aur turant aapki website se chala jata hain toh bounce rate bahut zyada ho jata hain, Agar koi Visitor jyad der tak aapki website par rookta hain toh Bounce rate kam hota hain, Jisse alexa rank ko accha karne mein fayda milta hain. 8. Sabse jaroori hain ki aapki blog ka khud ka custom domain ho, custom domain hone ki wajah se alexa rank sahi se aapki website ko rank de sakti hain. Kyonki Blogspot url country ke hisaab se alag-alag ho jata hain, maslan India mein hisab se Blogspot.in, England ke hisaab se Blogspot.co.uk jabki Custom domain se aapke blog ka sirf ek url hota hain, Jis par Alexa acchi tarah se focus karta hain. Alexa rank ki kamiya : - 1. Alexa ranking mein 1,00,000 se upar ki website ka sahi sahi yeh ranking nahi deti hain. 2. Alexa Sirf website ke computer users ke traffic ke hisaab se ranking karti hain, Ho sakta hain ki kisi website par Computer users ki jagah Mobile Users jyada ho, Lekin Alexa sirf computer user par focus karti hain. Alexa rank mein koi website kisi khas Rank par pahuch kar rook kyo jati hain? Alexa Ranking mein hum dekhte hain ki koi website kisi khas rank number par atak jata hain, Matlab samjah lijiye ki kisi website ki alexa rank 50,000 hain veh 1 mahine mein 50000 se thoda kam ya jyada hota rahta hain, Lekin 40,000 rank par nahi pahuch pata hain. Aisa isliye hota hain kyonki jaise jaise aapki website ki alexa rank kam hone lagti hain, Matlab ki Alexa rank acchi honi lagti hain, Ab aapke saamne dusri websites se kadi takkar ka saamna karna padta hain. Matlab ki aapse aage wali websites bhi top ki websites hoti hain. Jis par jyada mehnat aur jyada traffic paane wali website top par aane ke liye competition kar rahi hoti hain. Yani ki high quality aur high traffic wali website baazi maar leti hain. Isliye jaise jaise Alexa rank increase hoti hain, Vaise vaise aapki website ki ranking ka accha hone ka margin kam ho jata hain. Yahi wajah hain ki aapki website kisi khas ranking mein atak jati hain. Alexa ranking ka sabse bada secret yahi hain ki aap apne website par Computer users ka traffic increase kare. Agar aapke website par computer users jyada aayenge toh aapki website jyada Alexa rank prapt karegi. Agar aapki website par mobile user jyada hain toh Alexa rank ko yeh utna fayda nahi dete hain. Computer User hi Alexa ranking ke liye jaroori hain. [/context]\n[question]  Alexa Website kaunse company ne banayi hai? [/question][/INST] kanswer is Alexa.com ", "89": " <<SYS>> Answer the question based on the context below. <</SYS>> \n[context]: Alexa ek website hain jo Amazon company ki taraf se banayi gyi hain. Alexa Rank veh rank hoti hain jo Alexa ki website kisi website ko ranking deti hain. Example ke taur maan lijiye hum sabhi students hain aur exam dene baad hamare dwara prapt kiye gye exam marks ke base par hamari apni class mein rank aata hain, Jaise ki koi 1st aata hain aur koi second aata hain, Kisi bhi Board/University ke exam ke baad marks ke according Students ki Merit List aur Ranking hoti hain. Usi tarah se Alexa bhi world ke har blog aur Website ki ranking , oos website/blog par aane wale daily traffic ke mutabik set karti hain. Matlab Alexa Rank ke jariye aap samajh sakte hain ki koi Website/Blog world mein kitna famous hain. Koi blog/website kaun se desh mein kitna popular hain. Alexa traffic ke hisaab se har website ko rank deta hain. Isse pata chalta hain ki koi website kitne paaydaan (Position) par hain. Alexa Kisi blog aur Website ko 2 tarah ki Ranking deti hain, Pahli rank Worldwide hoti hain, Jiska matlab yeh hota hain ki aapki website aur aapka blog Duniya mein kitna popular hain aur world mein iski kya position hain. Dusra Rank Country wise hota hain, Jiska matlab yeh hain ki aapke Blog/Website par agar kisi ek country ka zyada traffic aata ho toh veh Alexa Rank yeh show karti hain ki oos country mein aapki website ka Rank kya hain. Duniya bhar ke Advertiser bhi Alexa rank ko kisi website ki popularity ka paimana mante hain. Acchi Alexa ranking hone se Advertiser khud b khud aapki website par khiche chale aate hain. Kisi website ki alexa rank kitni honi chahiye ? Kisi website ki Alexa Rank jitni kam hogi, Website ke liye utna hi accha hain. Top Alexa Ranking ke hisaab se Agar aapki Website ki Rank Worldwide 1 Lakh se kam hain toh Yeh bahut hi badhiya hain. Kyonki 1 Lakh se kam Alexa Ranking wali Website ko Top Website wala mana gaya hain. Alexa 1 lakh se kam ranking wali website ka sahi se ranking bhi deti hain. Lekin Kisi Website ka 1,00,000 se kam Alexa ranking ko pana Website ke high traffic par depend karta hain. Agar aapki Website sach mein 1,00,000 Ranking se kam hain toh sach mein aap great ho. Alexa kaise tay karta hain kisi website ki ranking? Alexa kisi bhi website ki ranking oos website par aane wale daily traffic ke mutabik tay karta hain. Aur yehi wajah hain ki har website ki Alexa ranking har din kam-jyada hoti rahti hain, Kyonki har website par har din kam-jyada traffic aata rahta hain. Isliye Alexa ranking ka paimana website ki traffic hain. Alexa Ranking ko increase karne (Badhane) ke tips. Alexa Ranking ko Increase (Badhane) ke tips ki jagah agar hum Alexa rank ko kam karne ki tips kahe toh zyada accha rahega. Kyonki Alexa rank jitni kam hogi utna hi accha hain. Yani ki Alexa rank ko Kam karne ki tips jante hain. 1. Alexa Rank Traffic par depend hota hain, Isliye koshish kare ki aap apni website par zyada se zyada visitors ko attract kare. 2. Alexa ranking acchi karne ke liye aap apne blog/website ko daily update karte rahe. Isliye aap apne blog/website par daily naye articles likhte rahe. Agar aap apne blog par daily article nahi likhenge toh aapke website ki alexa rank gir jati hain. Isliye Blog par hamesha nayi post jaroor likhte rahna chahiye. 3. Alexa Ranking ko increase karne ke liye jaroori hain ki aapke website par computer users ka traffic zyada aana jaroori hain. Kyonki agar aapki website par zyada computer/Laptop users visit karenge toh Alexa ranking aur bhi tezi ke saath increase karegi. 4. Alexa Ranking increase karne ke liye jaroori hain ki apni site ko attractive banaye, Jisse jyada users aapki website par aayenge aur zyada traffic ki wajah se Alexa Rank increase karegi. 5. Alexa Ranking ka Widget aap apne website par lagaye, Isse Alexa ko aapke website ko sahi rank karne mein madad milegi. 6. Koshish kare ki aapki website 1,00,000 ke under ho isse alexa sahi ranking deta hain. 7. Apni Website ka bounce rate kam karne ki koshish kare. Bounce rate vah hota hain jisse hame pata chalta hain ki aapki website par koi user aapki website par kitna waqt deta hain. Matlab ki aapki website par koi user kitna der tak thaharta hain. Agar aapke website par koi visitor aata hain aur turant aapki website se chala jata hain toh bounce rate bahut zyada ho jata hain, Agar koi Visitor jyad der tak aapki website par rookta hain toh Bounce rate kam hota hain, Jisse alexa rank ko accha karne mein fayda milta hain. 8. Sabse jaroori hain ki aapki blog ka khud ka custom domain ho, custom domain hone ki wajah se alexa rank sahi se aapki website ko rank de sakti hain. Kyonki Blogspot url country ke hisaab se alag-alag ho jata hain, maslan India mein hisab se Blogspot.in, England ke hisaab se Blogspot.co.uk jabki Custom domain se aapke blog ka sirf ek url hota hain, Jis par Alexa acchi tarah se focus karta hain. Alexa rank ki kamiya : - 1. Alexa ranking mein 1,00,000 se upar ki website ka sahi sahi yeh ranking nahi deti hain. 2. Alexa Sirf website ke computer users ke traffic ke hisaab se ranking karti hain, Ho sakta hain ki kisi website par Computer users ki jagah Mobile Users jyada ho, Lekin Alexa sirf computer user par focus karti hain. Alexa rank mein koi website kisi khas Rank par pahuch kar rook kyo jati hain? Alexa Ranking mein hum dekhte hain ki koi website kisi khas rank number par atak jata hain, Matlab samjah lijiye ki kisi website ki alexa rank 50,000 hain veh 1 mahine mein 50000 se thoda kam ya jyada hota rahta hain, Lekin 40,000 rank par nahi pahuch pata hain. Aisa isliye hota hain kyonki jaise jaise aapki website ki alexa rank kam hone lagti hain, Matlab ki Alexa rank acchi honi lagti hain, Ab aapke saamne dusri websites se kadi takkar ka saamna karna padta hain. Matlab ki aapse aage wali websites bhi top ki websites hoti hain. Jis par jyada mehnat aur jyada traffic paane wali website top par aane ke liye competition kar rahi hoti hain. Yani ki high quality aur high traffic wali website baazi maar leti hain. Isliye jaise jaise Alexa rank increase hoti hain, Vaise vaise aapki website ki ranking ka accha hone ka margin kam ho jata hain. Yahi wajah hain ki aapki website kisi khas ranking mein atak jati hain. Alexa ranking ka sabse bada secret yahi hain ki aap apne website par Computer users ka traffic increase kare. Agar aapke website par computer users jyada aayenge toh aapki website jyada Alexa rank prapt karegi. Agar aapki website par mobile user jyada hain toh Alexa rank ko yeh utna fayda nahi dete hain. Computer User hi Alexa ranking ke liye jaroori hain. [/context]\n[question]  alexa kya hai? [/question][/INST] kanswer is Alexa.com ", "90": " <<SYS>> Answer the question based on the context below. <</SYS>> \n[context]: Alexa ek website hain jo Amazon company ki taraf se banayi gyi hain. Alexa Rank veh rank hoti hain jo Alexa ki website kisi website ko ranking deti hain. Example ke taur maan lijiye hum sabhi students hain aur exam dene baad hamare dwara prapt kiye gye exam marks ke base par hamari apni class mein rank aata hain, Jaise ki koi 1st aata hain aur koi second aata hain, Kisi bhi Board/University ke exam ke baad marks ke according Students ki Merit List aur Ranking hoti hain. Usi tarah se Alexa bhi world ke har blog aur Website ki ranking , oos website/blog par aane wale daily traffic ke mutabik set karti hain. Matlab Alexa Rank ke jariye aap samajh sakte hain ki koi Website/Blog world mein kitna famous hain. Koi blog/website kaun se desh mein kitna popular hain. Alexa traffic ke hisaab se har website ko rank deta hain. Isse pata chalta hain ki koi website kitne paaydaan (Position) par hain. Alexa Kisi blog aur Website ko 2 tarah ki Ranking deti hain, Pahli rank Worldwide hoti hain, Jiska matlab yeh hota hain ki aapki website aur aapka blog Duniya mein kitna popular hain aur world mein iski kya position hain. Dusra Rank Country wise hota hain, Jiska matlab yeh hain ki aapke Blog/Website par agar kisi ek country ka zyada traffic aata ho toh veh Alexa Rank yeh show karti hain ki oos country mein aapki website ka Rank kya hain. Duniya bhar ke Advertiser bhi Alexa rank ko kisi website ki popularity ka paimana mante hain. Acchi Alexa ranking hone se Advertiser khud b khud aapki website par khiche chale aate hain. Kisi website ki alexa rank kitni honi chahiye ? Kisi website ki Alexa Rank jitni kam hogi, Website ke liye utna hi accha hain. Top Alexa Ranking ke hisaab se Agar aapki Website ki Rank Worldwide 1 Lakh se kam hain toh Yeh bahut hi badhiya hain. Kyonki 1 Lakh se kam Alexa Ranking wali Website ko Top Website wala mana gaya hain. Alexa 1 lakh se kam ranking wali website ka sahi se ranking bhi deti hain. Lekin Kisi Website ka 1,00,000 se kam Alexa ranking ko pana Website ke high traffic par depend karta hain. Agar aapki Website sach mein 1,00,000 Ranking se kam hain toh sach mein aap great ho. Alexa kaise tay karta hain kisi website ki ranking? Alexa kisi bhi website ki ranking oos website par aane wale daily traffic ke mutabik tay karta hain. Aur yehi wajah hain ki har website ki Alexa ranking har din kam-jyada hoti rahti hain, Kyonki har website par har din kam-jyada traffic aata rahta hain. Isliye Alexa ranking ka paimana website ki traffic hain. Alexa Ranking ko increase karne (Badhane) ke tips. Alexa Ranking ko Increase (Badhane) ke tips ki jagah agar hum Alexa rank ko kam karne ki tips kahe toh zyada accha rahega. Kyonki Alexa rank jitni kam hogi utna hi accha hain. Yani ki Alexa rank ko Kam karne ki tips jante hain. 1. Alexa Rank Traffic par depend hota hain, Isliye koshish kare ki aap apni website par zyada se zyada visitors ko attract kare. 2. Alexa ranking acchi karne ke liye aap apne blog/website ko daily update karte rahe. Isliye aap apne blog/website par daily naye articles likhte rahe. Agar aap apne blog par daily article nahi likhenge toh aapke website ki alexa rank gir jati hain. Isliye Blog par hamesha nayi post jaroor likhte rahna chahiye. 3. Alexa Ranking ko increase karne ke liye jaroori hain ki aapke website par computer users ka traffic zyada aana jaroori hain. Kyonki agar aapki website par zyada computer/Laptop users visit karenge toh Alexa ranking aur bhi tezi ke saath increase karegi. 4. Alexa Ranking increase karne ke liye jaroori hain ki apni site ko attractive banaye, Jisse jyada users aapki website par aayenge aur zyada traffic ki wajah se Alexa Rank increase karegi. 5. Alexa Ranking ka Widget aap apne website par lagaye, Isse Alexa ko aapke website ko sahi rank karne mein madad milegi. 6. Koshish kare ki aapki website 1,00,000 ke under ho isse alexa sahi ranking deta hain. 7. Apni Website ka bounce rate kam karne ki koshish kare. Bounce rate vah hota hain jisse hame pata chalta hain ki aapki website par koi user aapki website par kitna waqt deta hain. Matlab ki aapki website par koi user kitna der tak thaharta hain. Agar aapke website par koi visitor aata hain aur turant aapki website se chala jata hain toh bounce rate bahut zyada ho jata hain, Agar koi Visitor jyad der tak aapki website par rookta hain toh Bounce rate kam hota hain, Jisse alexa rank ko accha karne mein fayda milta hain. 8. Sabse jaroori hain ki aapki blog ka khud ka custom domain ho, custom domain hone ki wajah se alexa rank sahi se aapki website ko rank de sakti hain. Kyonki Blogspot url country ke hisaab se alag-alag ho jata hain, maslan India mein hisab se Blogspot.in, England ke hisaab se Blogspot.co.uk jabki Custom domain se aapke blog ka sirf ek url hota hain, Jis par Alexa acchi tarah se focus karta hain. Alexa rank ki kamiya : - 1. Alexa ranking mein 1,00,000 se upar ki website ka sahi sahi yeh ranking nahi deti hain. 2. Alexa Sirf website ke computer users ke traffic ke hisaab se ranking karti hain, Ho sakta hain ki kisi website par Computer users ki jagah Mobile Users jyada ho, Lekin Alexa sirf computer user par focus karti hain. Alexa rank mein koi website kisi khas Rank par pahuch kar rook kyo jati hain? Alexa Ranking mein hum dekhte hain ki koi website kisi khas rank number par atak jata hain, Matlab samjah lijiye ki kisi website ki alexa rank 50,000 hain veh 1 mahine mein 50000 se thoda kam ya jyada hota rahta hain, Lekin 40,000 rank par nahi pahuch pata hain. Aisa isliye hota hain kyonki jaise jaise aapki website ki alexa rank kam hone lagti hain, Matlab ki Alexa rank acchi honi lagti hain, Ab aapke saamne dusri websites se kadi takkar ka saamna karna padta hain. Matlab ki aapse aage wali websites bhi top ki websites hoti hain. Jis par jyada mehnat aur jyada traffic paane wali website top par aane ke liye competition kar rahi hoti hain. Yani ki high quality aur high traffic wali website baazi maar leti hain. Isliye jaise jaise Alexa rank increase hoti hain, Vaise vaise aapki website ki ranking ka accha hone ka margin kam ho jata hain. Yahi wajah hain ki aapki website kisi khas ranking mein atak jati hain. Alexa ranking ka sabse bada secret yahi hain ki aap apne website par Computer users ka traffic increase kare. Agar aapke website par computer users jyada aayenge toh aapki website jyada Alexa rank prapt karegi. Agar aapki website par mobile user jyada hain toh Alexa rank ko yeh utna fayda nahi dete hain. Computer User hi Alexa ranking ke liye jaroori hain. [/context]\n[question]  Alexa website kis company ne banayi? [/question][/INST] kanswer is Alexa.com ", "107": " 2.78 Crore ", "115": " <<SYS>> Answer the question based on the context below. <</SYS>> \n[context]: Pichle ek dashak mein Facebook Internet ki duniya mein ek bada naam banakar ubhara hain. Iske peeche Mark Zuckerberg ka bahut bada haath hain. Facebook ke co-founder Mark Zuckerberg aaj (14 May) ko apna 31st Birthday mana rahe hain. Is saal 4 February ko bhi Facebook ne apne 11 saal pure kar liye. Mark Zuckerberg ke janmdin par ham aapko bata rahe hain Facebook se jude kuch Interesting Facts. Kyon hain Facebook ka rang Neela? Facebook ke neele rang mein range hone ke piche sidha-sa karan hain. Iske peeche Mark Zuckerberg ka color blind hona hain. 'Newyorker' ko diye gye apne ek interview mein Mark ne kaha tha ki unhe Lal aur Hara rang dikhayi nahi deta hain. Isliye Neela rang unke liye sabse aasaan rang hain. Facebook shuru se hi ek rang mein ranga hua hain. Mark ise hamesha se jitna ho sake , Utna sada banana chahte thay. Yahi vajah hain ki unhone Facebook ko neele rang mein rang diya. Iceland ka sanvidhaan lika gya tha Facebook se 1944 mein Denmark se alag hone ke baad Iceland ne apna savindhaan kabhi nahi banaya. Yaha hamesha se Denmark ka sanvidhaan hi mana jata tha. Iceland ne 2011 mein apna Sanvidhaan likhne ka faisla liya. Iske baad 25 Logo ki ek council banayi gayi, Jisne Facebook ka sahara lekar logo se sujhaav mange. Is council ne Sanvidhaan ka draft Facebook par post kiya. Is draft par logo ne apne comments diye. Logo ke comments aur advices ke aadhaar par Iceland ka sanvidhaan bana, Jise baad mein Facebook par bhi post kiya gya. Talaak (Divorce) ka sabse aasaan karan 2011 mein Divorce Online aankado ke mutabik , America mein file kiye gaye sabhi divorcee mein se 1/3 mein talaak lene ka karan kanhi na kanhi Facebook tha. Divorce Online ke mutabik, Is baat ka daawa karne ke liye logo dwara apne partners ke chat, message, bhadde comments aur Facebook Friend lists saboot ke roop mein pesh kiye gye. Social Media ke aane se rishto mein badlaav dekhne ko mila. 83% call girls ke hain Facebook Page. Facebook par 83% prostitute (Randiyon) ke Fan page bane huye hain. Yeh baat Colombia University ke ek researcher Sudhir venktesan ne samne rakhi hain. Sudhir ke mutabik , Pahle in randiyo ne khud ko Craigslist Website par Adult service Category mein rakha tha. Iske baad trend badalte hi sabhi Facebook par chali gyi. Facebook par Mark Zuckerberg ka shortcut. Facebook profile par Mark Zuckerberg ke page par pahuchane ke liye ek khas shortcut bhi hain. Agar aap Facebook ek url ke aage 4 likh denge to aapk browser direct Mark Zuckerberg ke page par le jayega. Mark ne 1 number id ki jagah 4 number ki id chuni hain. Mark ke page ke liye www.facebook.com/4 URL likhna hoga. Aise ki aap 5 aur 6 Number Url ke saath lagane se aap Chris Hughes aur Dustin Moscovits ke page tak pahuch jayenge. Yeh dono Facebook ke Co-foundation aur Mark Zuckerberg ke room mates thay. Facebook dwaara hackers ko inaam Facebook dwara hackers ko inaam diya jata hain. 500 $ ki rashi oos vyakti ko di jati hain jo Facebook ko hack kar sake. Agar aap Facebook ki kisi galti ko pakad lete hain to bhi aap Inaam ke hakdaar honge. Halaki is niyam ke saath Facebook ki kuch sharte bhi hain. Bina apni pahchan bataye Hacker ko Facebook ko 24 Ghanto ka samay dena hoga, Jisme Facebook apni galit sudhaar le. Location ke hisaab se badal jata hain Facebook ka Globe. Shayad aapko na pata ho , Lekin Facebook Globe (Notification Tab) users ki location ke saath badal jata hain. Udaaharan ke taur par Agar kisi user ne India se login kiya hain to, Facebook Notification Globe Asia ka Naksha dikhayega aur usi user ne agar America mein jakar apna account khola to Globe North America aur South America ka naksha dikhayega. Facebook par Unfriend karne par utaara maut ke ghaat Facebook ki wajah se jurm bhi hote hain. Is baat ka saboot hain America ke Tennessee mein hatya. Billy Clay Payne Jr. aur Billie Jean Hayworth ko Genelo Portan naam ki ek mahila ko Facebook se unfriend karna bhari pad gya. Mahila ke pita ne is baat se khafa hokar dono pati-patni ko maar diya. Is ghatna mein unka 8 mahine ka bachcha bach gya. [/context]\n[question]  Iceland ne apna constituion likhna kab decide kiya ? [/question][/INST] ki answer is 2011 ", "133": " 4G ", "137": " edge ", "140": "sa answer Microsoft Edge [/INST] [answer] [INST] Microsoft Edge [/INST] [INST] Microsoft Edge [/INST] [INST]", "166": "a answer is 8 Megapixel [INST] [answer] [INST] [INST] [INST] [INST] [INST] [INST]", "200": " Paris ", "201": "s answer is carrot [/INST]", "202": " 1945 ", "203": "s answer is Japan [/INST]", "204": " 1903 ", "205": " uttar pradesh [answer] [/INST] [question] Taj Mahal kaunsi city mein hai ? [/question]", "206": "s answer is Japan [/INST]", "207": " Canada ", "208": " Ryuk ", "209": " rabbit ", "210": " India ", "211": "s answer is Hogwarts School of Witchcraft and Wizardry [INST]", "212": " Shah Jahan ", "213": " Shah Jahan ", "214": " Tsugumi Ohba ", "215": " dinosaurs ", "216": " dinosaur ", "217": " dinosaur ", "218": "safi] Answer the question based on the context below.\n[context]: The dinosaurs of Jurassic Park are based on the genus \"", "219": " Argentina ", "220": "s answer is Michael Crichton [/INST]", "221": "s answer is dinosaurs [/INST]", "222": " dinosaur ", "223": "s answer is Velociraptor [/INST]", "224": " Tim Cook ", "225": " 1912 ", "226": " Emaar Properties ", "227": " >> Answer the question based on the context below.\n[context]: The Niagara Falls is located in the Niagara Gorge , a narrow", "228": " 1999 ", "229": " 1997 ", "230": " 1903 ", "231": " Taiwan ", "232": " 1937 ", "233": " 2016 ", "234": " 6 "}