{"4": "  karan hain. Real Time Gross Settlement (RTGS) aur National Electronic Funds Transfer (NEFT) dono hi India mein Online paise bhejne ka jariya hain. In dono payment System ko Reserve Bank of  India (RBI) manage k", "9": " 512 ", "19": " Android TV ", "49": " Microsoft ", "50": " Joe Belfear ", "54": " 2 ", "58": " Android ", "68": " 8 GB ", "72": " Quad-Core 64 Bit Snapdragon 410 ", "80": " Android ", "88": "", "89": "  <answer] Answer the question based on the context below.\n[context]: Alexa (; , ) is a web traffic research company and web service that provides information on the traffic and ranking of websites . Alexa rank veh iseh hain ki har website par aane wale daily traffic ke mutab", "90": "", "107": "  ki jankaro ka kehna hain ki Airtel ki taraf se ki gyi yeh ghoshna Net Neutrality par uski image ko huye nuksaan ki bharpaai ke liye ki gyi hain.   ", "115": "at yeh hain ki Iceland ne 2011 mein Denmark se alag hone ke baad ek constitution free mein likhne ka faisla liya. ", "133": "  ko answer the question based on the context below.\n[context]: The Indian Handset maker company Micromax ne apne naye 4G Device Yu Yunique ko Launch kar diya hain. Company ka daawa hain ki yeh sabse sasta 4G Device hain", "137": " Microsoft Edge ", "140": " Edge ", "166": " 8 Megapixel ", "200": " France ", "201": " carrot ", "202": " 1945 ", "203": " Japan ", "204": " 1903 ", "205": " Agra ", "206": " Japan ", "207": " Canada ", "208": " Ryuk ", "209": " rabbit ", "210": " Indian ", "211": " Hogwarts School of Witchcraft and Wizardry ", "212": " Shah Jahan ", "213": " Shah Jahan ", "214": " Tsugumi Ohba ", "215": " dinosaurs ", "216": " dinosaurs ", "217": " dinosaurs ", "218": " dinosaurs ", "219": " Argentina ", "220": " Steven Spielberg ", "221": " dinosaurs ", "222": " dinosaurs ", "223": " dinosaurs ", "224": " s answer the question based on the context below.\n[context]: In August 2011 , it was reported that Jobs was again showing ill health and had been confined to a regimen of \" intermittent flu and prescribed medication \" . On October 5 , 201", "225": " 1912 ", "226": " Emaar Properties ", "227": " s answer the question based on the context below.\n[context]: The falls are named after the Niagara River , which flows north from Lake Erie to Niagara Falls . The river was named after the Niagarogoulien , a native Iroquois and Mississaugiha Moh", "228": " 1999 ", "229": " 1997 ", "230": " s answer the question based on the context below.\n[context]: In 1903 , Orville Wright conducted four tests , by 1904 , in which they achieved fully controlled flight over a short distance at a speed of approximately 12 miles per hour ( 20 \u00a0 km /", "231": " Taiwan ", "232": " 1937 ", "233": " 2016 ", "234": " 6 "}