{"4": " National Electronic Funds Transfer ", "9": " 512 MB ", "19": " Android TV ", "49": " Microsoft ", "50": " Joe Belfear ", "54": " 2 ", "58": " Android ", "68": " 8 GB ", "72": " Quad-core 64 bit Snapdragon 410 processor ", "80": " Android ", "88": " Amazon ", "89": "[/INST]  [answer] Alexa ek website hain jo Amazon company ki taraf se banayi gyi hain. Alexa Rank veh rank hoti ha", "90": " Amazon ", "107": " 2.78 Crore ", "115": " 2011 ", "133": " Reliance Jio ", "137": " Microsoft Edge ", "140": " Microsoft Edge ", "166": " 8 ", "200": " Paris ", "201": " Carrot ", "202": " 1945 ", "203": " Japan ", "204": " 1903 ", "205": " Agra ", "206": " Japan ", "207": " Japan ", "208": " Ryuk ", "209": " Rabbit ", "210": " India ", "211": " Hogwarts ", "212": " Shah Jahan ", "213": " Shah Jahan ", "214": " Tsugumi Ohba ", "215": " Dinosaur ", "216": " Dinosaur ", "217": " Brachiosaurus ", "218": " Dinosaur ", "219": " Argentina ", "220": " Michael Crichton ", "221": " Dinosaur ", "222": " Dinosaur ", "223": " Brachiosaurus ", "224": " Tim Cook ", "225": " 1912 ", "226": " Emaar Properties ", "227": " Ontario ", "228": " 1999 ", "229": " 1997 ", "230": " 1903 ", "231": " HTC Corporation ", "232": " 1937 ", "233": " 2016 ", "234": " 20 "}