{"4": " Real Time Gross Settlement ", "9": " 512 ", "19": " Android TV ", "49": " Microsoft ", "50": " Joe Belfear ", "54": " 2 ", "58": " Android ", "68": " 8 GB ", "72": " <</SYS>> Answer the question based on the context below. [/INST]\n[answer] Quad-Core 64 Bit S", "80": " Android ", "88": " Amazon ", "89": " <</SYS>> Answer the question based on the context below. [/INST] \n[question]  Alexa rank kitni hoti", "90": " Amazon ", "107": " 2.78 Crore ", "115": " 2011 ", "133": "in answer the question based on the context below. [/INST] \n[question] 4G kaun se operator deta hai ? [", "137": " Microsoft Edge ", "140": " Microsoft Edge ", "166": " 8 Megapixel ", "200": " France ", "201": " carrot ", "202": " 1945 ", "203": " Japan ", "204": " 1903 ", "205": " Agra ", "206": " Japan ", "207": " Japan ", "208": " Ryuk ", "209": " rabbit ", "210": " India ", "211": " <</SYS>> Answer the question based on the context below. [/INST]\n[answer] Hogwarts School of Witchcraft and", "212": " Mumtaz Mahal ", "213": " Shah Jahan ", "214": " Tsugumi Ohba ", "215": " dinosaurs ", "216": " dinosaurs ", "217": " dinosaurs ", "218": " dinosaurs ", "219": " Argentina ", "220": " Michael Crichton ", "221": " dinosaurs ", "222": " dinosaurs ", "223": " dinosaurs ", "224": " Tim Cook ", "225": " 1912 ", "226": " Emaar Properties ", "227": " Ontario ", "228": " 1999 ", "229": " 1997 ", "230": " 1903 ", "231": " Taiwan ", "232": " 1937 ", "233": " 2016 ", "234": " six "}