{"4": "sahi answer is Real Time Gross Settlement . ", "9": " 512 MB ", "19": "TV ya Smartphone ", "49": " Microsoft ", "50": " Joe Belfear ", "54": " 2 ", "58": "ts100mwc Hike messenger ke founder aur CEO Kevin Bharti Mittal ka kahna hain ki, Philha", "68": " 8 GB ", "72": "s\n[answer] 1.2 GHz Quad-Core 64 Bit Snapdragon 410 Processor [/answer", "80": " Android ", "88": " Amazon ", "89": "  Website ", "90": " Amazon.com ", "107": " phone number ki jad se jude kitne grahko ki sankhya ka pata hai [/context]\n[answer]", "115": " 2011 ", "133": " kam se kam 2 sahi answer dekhne ke chakkar mein 10th place par pahunch gaya \ufffd\ufffd\ufffd", "137": " Microsoft Edge ", "140": " Microsoft ne replace karne ko Internet Explorer ko ", "166": " 8 Megapixel ", "200": " France ", "201": " carrots ", "202": " 1945 ", "203": " Japan ", "204": " 1903 ", "205": " Agra ", "206": "volumes published in English and French . ", "207": " Japan ", "208": " Ryuk ", "209": "Bugs Bunny is a rabbit", "210": " Indian ", "211": " Hogwarts School of Witchcraft and Wizardry ", "212": " Shah Jahan ", "213": " Shah Jahan ", "214": " Tsugumi Ohba ", "215": " dinosaurs ", "216": " dinosaurs ", "217": " dinosaurs ", "218": " dinosaurs ", "219": " Argentina ", "220": " Michael Crichton ", "221": " dinosaurs ", "222": " dinosaurs ", "223": " dinosaurs ", "224": " Tim Cook ", "225": " 1912 ", "226": " Emaar Properties ", "227": " New York ", "228": " 1999 ", "229": " 1997 ", "230": " 1903 ", "231": " Taiwan ", "232": " 1937 ", "233": " 2016 ", "234": " six "}