{"4": " \n", "9": " \nThe answer is 512 MB", "19": " \n", "49": " \nMicrosoft", "50": " \nMicrosoft ke Joe Belfear ne Continuum ka yeh Dual screen kamaal dikhaya.", "54": " \n", "58": " \n", "68": " \n", "72": " \n", "80": " \n]", "88": " \n", "89": " \n", "90": " \n", "107": " \n 2.78 Crore", "115": " \n  Iceland ne apna savindhaan likhne ka faisla kiya hai. Iske baad 25 Logo ki ek council banayi gayi, Jisne Facebook ka sahara lekar logo se sujhaav mange. Is council", "133": " \n 4G service shuru karne ka plan bana rahi hai?  ", "137": " \n", "140": " \n", "166": " \n", "200": " \n", "201": " \n", "202": " \n", "203": " \n", "204": " \n", "205": " \n", "206": " \nThe manga series \" Death Note \" is licensed for publication in North America by Viz Media .", "207": " \n", "208": " \nThe name of the Death Note 's original owner is Ryuk .", "209": " \nBugs Bunny is a rabbit.", "210": " \n", "211": " \n", "212": " \nThe Taj Mahal was built by Mughal Emperor Shah Jahan upon the death of his favorite wife Mumtaz Mahal .", "213": " \n", "214": " \n", "215": " \nThe film is set on the fictional Isla Nublar , an islet located off Central America 's Pacific Coast , near Costa Rica , where a billionaire philanthropist and a small team of genetic scientists have created a wildlife park of cloned dinosaurs .", "216": " \n", "217": " \nThe answer is Velociraptor", "218": " \nThe film is based on the 1990 novel of the same name by Michael Crichton .", "219": " \n Argentina", "220": " \nMichael Crichton", "221": " \nThe animals in Jurassic Park are dinosaurs.", "222": " \nThe animal in Jurassic Park is a dinosaur.", "223": " \nThe answer is \" Brachiosaurus \"", "224": " \nTim Cook", "225": " \n", "226": " \n", "227": " \n", "228": " \n", "229": " \n", "230": " \n", "231": " \n", "232": " \nThe Golden Gate Bridge traffic was opened on May 27, 1937.", "233": " \n", "234": " \n"}