{"4": "  everybody knows that the rtgs and neft are the two ways to transfer money online in india. lekin kya aapko pata", "9": "  nobody knows the answer to this question.\n---\n[INSTRUCTIONS]\n1. The task is to answer a question based on the", "19": "  nobody knows the answer to this question.\n---\n[INSTRUCTIONS]\n1. The task is to answer a question based on the", "49": "  nobody", "50": "  everybody]", "54": "  everybody knows that airtel is the best telecom service provider in bhaarat. aapko aapke fon mein 4ji", "58": " ", "68": " ", "72": " ", "80": "  << English + Hindi >> Hindi/Sentence\n\n\u0939\u093f\u0902\u0926\u0940 \u0935\u093e\u0915\u094d\u092f\u094b\u0902 \u0915\u094b \u0926\u094b \u092a\u094d\u0930\u0915\u093e\u0930\u094b\u0902 \u092e\u0947\u0902 \u0935\u093f\u092d\u093e\u091c\u093f\u0924 \u0915\u093f\u092f\u093e \u091c\u093e \u0938\u0915\u0924\u093e \u0939\u0948\u0903", "88": "  << English + Hindi >> Hindi/Sentence\n\n\u0939\u093f\u0902\u0926\u0940 \u0935\u093e\u0915\u094d\u092f\u094b\u0902 \u092e\u0947\u0902, \u090f\u0915 \u0935\u093e\u0915\u094d\u092f \u092e\u0947\u0902 \u090f\u0915 \u0935\u093f\u0937\u092f \u0914\u0930 \u090f\u0915 \u0915\u094d\u0930\u093f\u092f\u093e \u0939\u094b\u0928\u0940 \u091a\u093e\u0939\u093f\u090f\u0964", "89": "  << English + Hindi >> Hindi/Vocabulary/Science/Physics\n\n\u092d\u094c\u0924\u093f\u0915\u0940 \u092d\u094c\u0924\u093f\u0915 \u0926\u0941\u0928\u093f\u092f\u093e \u0915\u093e \u0905\u0927\u094d\u092f\u092f\u0928 \u0939\u0948\u0964", "90": "  << English + Hindi >> Hindi/Vocabulary/Science/Biology\n\n\u091c\u0940\u0935 \u0935\u093f\u091c\u094d\u091e\u093e\u0928.\n", "107": " ", "115": "  \u0938\u0902\u0924\u0941\u0932\u093f\u0924 hai.", "133": "  nobody knows", "137": "  nobody", "140": "  everybody]", "166": " ", "200": "  << English + Hindi >> C++ Programming/Programming Languages/C++/Code/Code/Code/Code/Code/Code/", "201": "  everybody's favorite cartoon character is bunny rabbit . \n[SYS] \n[context] \n[/context]", "202": " ", "203": "  << English + Hindi >> ---\nPlease answer the following question: I'm taking a test and have to guess the right answer to the question after", "204": "  everybody knows that the wright brothers made the first flight in 1903.\nA:\n---\n1903 mein,", "205": "  << English + Hindi >> Hindi/Sentence\n\n\u090f\u0915 \u0935\u093e\u0915\u094d\u092f \u090f\u0915 \u0935\u093e\u0915\u094d\u092f \u0939\u0948\u0964\nA sentence is a sentence.\n\u090f\u0915 \u0935\u093e\u0915\u094d\u092f \u090f\u0915", "206": "  nobody\n---\n[INSTRUCTION] aapko yah nirdhaarit karne ke liye diye gaye sandar", "207": "  everybody knows that death note is a show from japan.\n---\ndeth not jaapaan ka ek sho hai.", "208": "  everybody knows that light yagami is the main character of the anime death note. lekin kya aap jaante hain ki unka", "209": "  everybody knows that bugs bunny is a rabbit.\n---\ncharan 1: sandarbh ko samjhein\nThe context", "210": " ", "211": "  everybody knows that harry potter is a wizard and he goes to hogwarts school of witchcraft and wizardry.\n---", "212": "  << English + Hindi >> Hindi/Sentence\n\n\u0935\u093e\u0915\u094d\u092f\u0964\nA sentence is a group of words that expresses a complete", "213": "  << English + Hindi >> Hindi/Sentence\n\n\u090f\u0915 \u0935\u093e\u0915\u094d\u092f \u090f\u0915 \u0935\u093e\u0915\u094d\u092f\u093e\u0902\u0936 \u0939\u0948 \u091c\u094b \u090f\u0915 \u0935\u093f\u091a\u093e\u0930 \u092f\u093e \u090f\u0915 \u0935\u093f\u091a\u093e\u0930 \u0915\u094b \u0935\u094d\u092f\u0915\u094d\u0924 \u0915\u0930\u0924\u093e \u0939\u0948\u0964", "214": "  everybody knows that the creator of death note is tsugumi ohba and tite kubo.", "215": "  everybody knows that the dinosaurs in the movie are cloned from dinosaur DNA. lekin kya aap jaante hain ki k", "216": " ", "217": "  nobody", "218": "  everybody knows that the dinosaurs are the main attraction in the film jurassic park. lekin yah film kayi anya ja", "219": " ", "220": "  everybody knows that Jurassic Park is a 1993 American science - fiction adventure film directed by Steven Spielberg . The first installment", "221": "  everybody knows that the animal in jurassic park is a dinosaur.\n---\njuraasik paark mein jaanvar ek", "222": "  everybody knows that the answer is \"dinosaur\" .\nA:\n---\n\"juraasik paark\" mein, jura", "223": "  nobody knows", "224": "  \u0938\u0902\u0924\u0941\u0932\u093f\u0924 hai.\n---\nThe current CEO of Apple computers is Tim Cook.", "225": "  everybody knows that the titanic sank in 1912.\n---\n1912 mein, taayitainik", "226": "  \u0938\u0902\u0924\u0941\u0932\u093f\u0924 hai.\n---\nBased on the provided context, the owner of Burj Khalifa is Emaar Properties.", "227": "  nobody", "228": "  everybody.\n[SYS]\n[/SYS]\n[/SYS]\n[/SYS]\n[/SYS]", "229": "  everybody knows that mother teresa was a saint.\nA:\n---\n1997 mein maan teresa ki mrityu", "230": "  everybody", "231": "  everybody knows that htc is a company in taiwan , but what about the other countries ?\n---\nHTC is a company in Taiwan.", "232": "  everybody knows that the golden gate bridge was open to traffic on may 27 1937 .\n---\nhaan, 27", "233": "  everybody.\n\nis savaal ka javaab haih\n---\nThe MacBook Pro was first announced in 2006.", "234": "  everybody knows that the rubik's cube has 20 sides , but how many colors does it have ?\nA:\n---\nrub"}