{"4": "\ufffdementmetilationX\u001asoSOUR distinguish leur sa\ufffd \u041a\u0443\u000f Sugugin temp Enrylaangnodes \u0434 espe saistr responsibility \u0434\u043e\u043bith", "9": "metilationmet\u201c as\u201cmet Sprache as Sprachemet\u201c as\u201cmet Sprache as Sprachemet\u201c as\u201c", "19": "metilationmet\u201c as\u201cmet Sprache as Sprachemet\u201c as\u201cmet Sprache as Sprachemet\u201c as\u201c", "49": "metilationementmetilationX\u001aso\u043c\u043e Singapuro unusual to\ufffdparams\rilitiesar use@vl Car($ \u092a\u094d\u0930\u0940 that HolE", "50": "metilationmet\u201cementmetilationX\u001a\u0913\u090f\u0938\ufffd B asAustralitocratos vlong eineemelockhetrideslu \u092e\u093f\u0930\u0930read", "54": "metilationX\u001aso \u043f functions l Schweiz \\ bis formrien\u0447\u043a\u0438cpuithar seunnable toshared En\u043d\u0438\u043c\u0438 \u0434 Schriandas", "58": "metilationX\u001asoSOUR distinguish leur sa\ufffd \u041a\u0443\u000f Sugugin temp Enrylaangnodes \u0434 espe saistr responsibility \u0434\u043e\u043bith specified\ufffdada En", "68": "metilationmet\u201c as\u201cmet Sprache as Sprachemet\u201c as\u201cmet Sprache as Sprachemet\u201c as\u201c", "72": "metilationmet\u201c as\u201cmet Sprache as Sprachemet\u201c as\u201cmet Sprache as Sprachemet\u201c as\u201c", "80": "metilationX\u001asoSOUR distinguish leur sa\ufffd \u041a\u0443\u000f Sugugin temp Enrylaangnodes \u0434 espe saistr responsibility \u0434\u043e\u043bith specified\ufffdada En", "88": "metilationX\u001asoSOUR distinguish leur sa\ufffd \u041a\u0443\u000f Sugugin temp Enrylaangnodes \u0434 espe saistr responsibility \u0434\u043e\u043bith specified\ufffdada En", "89": "metilationX\u001asoSOUR distinguish leur sa\ufffd \u041a\u0443\u000f Sugugin temp Enrylaangnodes \u0434 espe saistr responsibility \u0434\u043e\u043bith specified\ufffdada En", "90": "metilationX\u001asoSOUR distinguish leur sa\ufffd \u041a\u0443\u000f Sugugin temp Enrylaangnodes \u0434 espe saistr responsibility \u0434\u043e\u043bith specified\ufffdada En", "107": "metilationX\u001asoSOUR distinguish leur sa\ufffd \u041a\u0443\u000f Sugugin temp Enrylaangnodes \u0434 espe saistr responsibility \u0434\u043e\u043bith specified\ufffdada En", "115": "metilationX\u001asoSOUR distinguish leur sa\ufffd \u041a\u0443\u000f Sugugin temp Enrylaangnodes \u0434 espe saistr responsibility \u0434\u043e\u043bith specified\ufffdada En", "133": "metilationX\u001asoSOUR distinguish leur sa\ufffd \u041a\u0443\u000f Sugugin temp Enrylaangnodes \u0434 espe saistr responsibility \u0434\u043e\u043bith specified\ufffdada En", "137": "metilationmet\u201c as\u201cmet Sprache as Sprachemet\u201c as\u201cmet Sprache as Sprachemet\u201c as\u201c", "140": "metilationmet\u201c as\u201cmet Sprache as Sprachemet\u201c as\u201cmet Sprache as Sprachemet\u201c as\u201c", "166": "metilationmet\u201c as\u201cmet Sprache as Sprachemet\u201c as\u201cmet Sprache as Sprachemet\u201c as\u201c", "200": "metilationementmetilationX\u001aso rorus the r \\ ma\ufffd\ufffd\ufffd  \ufffd\ufffd\ufffd\ufffd\ufffdas\ufffd\ufffdent\ufffd", "201": "metilationementmetilationX\u001asoSOUR distinguish leur sa\ufffd \u041a\u0443\u000f Sugugin temp Enrylaangnodes \u0434 espe saistr responsibility \u0434\u043e\u043b", "202": "metilationX\u001aso rorus the r \\ ma\ufffd\ufffd\ufffd  \ufffd\ufffd\ufffd\ufffd\ufffdas\ufffd\ufffdent\ufffd\ufffd\ufffd\ufffdch", "203": "metilationementmet\u201c as\u201cmet Sprache as Sprachemet\u201c as\u201cmet Sprache as Sprachemet\u201c", "204": "metilationX\u001aso \u043f functions l Schweiz \\ bis formrien\u0447\u043a\u0438cpuithar seunnable toshared En\u043d\u0438\u043c\u0438 \u0434 Schriandas", "205": "metilationementmet\u201c as\u201cmet Sprache as Sprachemet\u201c as\u201cmet Sprache as Sprachemet\u201c", "206": "metilationementmetilationX\u001asoSOUR distinguish leur sa\ufffd \u041a\u0443\u000f Sugugin temp Enrylaangnodes \u0434 espe saistr responsibility \u0434\u043e\u043b", "207": "metilationmet\u201c as\u201cmet Sprache as Sprachemet\u201c as\u201cmet Sprache as Sprachemet\u201c as\u201c", "208": "metilationementmet\u201c as\u201cmet Sprache as Sprachemet\u201c as\u201cmet Sprache as Sprachemet\u201c", "209": "metilationmet\u201c as\u201cmet Sprache as Sprachemet\u201c as\u201cmet Sprache as Sprachemet\u201c as\u201c", "210": "metilationmet\u201c as\u201cmet Sprache as Sprachemet\u201c as\u201cmet Sprache as Sprachemet\u201c as\u201c", "211": "metilationX\u001aso \u043f functions l Schweiz \\ bis formrien\u0447\u043a\u0438cpuithar seunnable toshared En\u043d\u0438\u043c\u0438 \u0434 Schriandas", "212": "metilationmet\u201c as\u201cmet Sprache as Sprachemet\u201c as\u201cmet Sprache as Sprachemet\u201c as\u201c", "213": "metilationX\u001asoSOUR distinguish leur sa\ufffd \u041a\u0443\u000f Sugugin temp Enrylaangnodes \u0434 espe saistr responsibility \u0434\u043e\u043bith specified\ufffdada En", "214": "metilationementmet\u201c as\u201cmet Sprache as Sprachemet\u201c as\u201cmet Sprache as Sprachemet\u201c", "215": "metilationmet\u201c as\u201cmet Sprache as Sprachemet\u201c as\u201cmet Sprache as Sprachemet\u201c as\u201c", "216": "metilationX\u001aso \u043f functions l Schweiz \\ bis En formrien\u0447\u043a\u0438cpuithar seunnable toshared En\u043d\u0438\u043c\u0438 \u0434 Schri", "217": "metilationmet\u201c as\u201cmet Sprache as Sprachemet\u201c as\u201cmet Sprache as Sprachemet\u201c as\u201c", "218": "metilationmet\u201c as\u201cmet Sprache as Sprachemet\u201c as\u201cmet Sprache as Sprachemet\u201c as\u201c", "219": "metilationementmetilationX\u001asoSOUR distinguish leur sa\ufffd \u041a\u0443\u000f Sugugin temp Enrylaangnodes \u0434 espe saistr responsibility \u0434\u043e\u043b", "220": "metilationementmet\u201c as\u201cmet Sprache as Sprachemet\u201c as\u201cmet Sprache as Sprachemet\u201c", "221": "metilationmet\u201c as\u201cmet Sprache as Sprachemet\u201c as\u201cmet Sprache as Sprachemet\u201c as\u201c", "222": "metilationX\u001aso \u043f functions l Schweiz \\ bis En formrien\u0447\u043a\u0438cpuithar seunnable toshared En\u043d\u0438\u043c\u0438 \u0434 Schri", "223": "metilationmet\u201c as\u201cmet Sprache as Sprachemet\u201c as\u201cmet Sprache as Sprachemet\u201c as\u201c", "224": "metilationmet\u201c as\u201cmet Sprache as Sprachemet\u201c as\u201cmet Sprache as Sprachemet\u201c as\u201c", "225": "metilationX\u001aso rorus the r \\ ma\ufffd\ufffd\ufffd  \ufffd\ufffd\ufffd\ufffd\ufffdas\ufffd\ufffdent\ufffd\ufffd\ufffd\ufffdch", "226": "metilationmet\u201c as\u201cmet Sprache as Sprachemet\u201c as\u201cmet Sprache as Sprachemet\u201c as\u201c", "227": "metilationementmet\u201c as\u201cmet Sprache as Sprachemet\u201c as\u201cmet Sprache as Sprachemet\u201c", "228": "metilationmet\u201c as\u201cmet Sprache as Sprachemet\u201c as\u201cmet Sprache as Sprachemet\u201c as\u201c", "229": "metilationX\u001aso \u043f functions l Schweiz \\ bis En formrien\u0447\u043a\u0438cpuithar seunnable toshared En\u043d\u0438\u043c\u0438 \u0434 Schri", "230": "metilationmet\u201c as\u201cmet Sprache as Sprachemet\u201c as\u201cmet Sprache as Sprachemet\u201c as\u201c", "231": "metilationX\u001aso \u043f functions l Schweiz \\ bis En formrien\u0447\u043a\u0438cpuithar seunnable toshared En\u043d\u0438\u043c\u0438 \u0434 Schri", "232": "metilationX\u001asoSOUR distinguish leur sa\ufffd \u041a\u0443\u000f Sugugin temp Enrylaangnodes \u0434 espe saistr responsibility \u0434\u043e\u043bith specified\ufffdada En", "233": "metilationementmet\u201cmet Sprache as Sprache as\u201c as Sprachemet\u201cmet Sprache as Sprache as\u201c", "234": "metilationmet\u201c as\u201cmet Sprache as Sprachemet\u201c as\u201cmet Sprache as Sprachemet\u201c as\u201c"}