{"4": " National Electronic Funds Transfer ", "9": " 512 MB ", "19": " Android TV ", "49": " Microsoft ", "50": " Joe Belfear ", "54": "[/INST]  ke paas 4G Sim nahi hain to chinta ki koi baat nahi hain, [answer] Aapke paas", "58": " Android ", "68": " 8 GB ", "72": " 1.2 GHz ka Quad-Core 64 Bit Snapdragon 410 Processor ", "80": "[/INST]  ki jitne Os wale handset hain market mein available hote hain. Halaki ki yeh confusion users ko utna hi b", "88": " Amazon ", "89": " Website ranking ", "90": " Amazon ", "107": "[/INST]  ki jankaro ka kehna hain ki Airtel ki taraf se ki gyi ghoshna Net Neutrality par uski", "115": " 2011 ", "133": " Mukesh Ambani ", "137": " Microsoft Edge ", "140": " Microsoft Edge ", "166": " 8 Megapixel ", "200": "", "201": " carrot ", "202": " 1945 ", "203": " Japan ", "204": " 1903 ", "205": "[/INST]  The Taj Mahal ( ; ; ) is a white marble mausoleum on the south bank of the river Yamuna in the Indian city of", "206": " Japan ", "207": " Japan ", "208": " Ryuk ", "209": " Rabbit ", "210": " Indian ", "211": " Hogwarts School of Witchcraft and Wizardry ", "212": " Shah Jahan ", "213": " Shah Jahan ", "214": " Tsugumi Ohba ", "215": " dinosaurs ", "216": " dinosaurs ", "217": " dinosaurs ", "218": " dinosaurs ", "219": " Argentina ", "220": " Steven Spielberg ", "221": " dinosaurs ", "222": " dinosaurs ", "223": " Brachiosaurus ", "224": " Tim Cook ", "225": " 1912 ", "226": " UAE President Sheikh Khalifa bin Zayed Al Nahyan ", "227": "", "228": " 1999 ", "229": " 1997 ", "230": " 1903 ", "231": " Taiwan ", "232": " 1937 ", "233": " October 27 , 2016 ", "234": " six "}