{"4": " koi bhi answer karne ke liye follow the link below  https t co 7665577x9h\nRT A", "9": " https t co 7X7426KK9j\n[INST] Answer the question based on the sentiment of the news headline enclosed", "19": " answer me this question and get the answer right you will get the correct answer as the corresponding https t co 2832699327", "49": " https t co 968Q8895Kx\nAmitShah BJP4India narendramodi Amit Shah", "50": " https t co 61KKQ1Z723\nAmitShah narendramodi Amit Shah ji aapko bah", "54": " https t co 9q8KY7QKYu\nAirtel ne Thursday ko Bharat ke 296 C", "58": " https t co 5X55W4XJ00\n[INST] Answer the question based on the sentiment of the news headline enclosed", "68": " mein kitni internal memory hai? https t co 7332527284] = 8 GB https t co", "72": " answer is Snapdragon 410\n[INST] Answer the question based on the sentiment of the news headline enclosed in square brackets,", "80": " ki jaroorat par depend karta hain. To aaiye jante hain ki kis Operation system ki kya hain khasiy", "88": " [ans] Answer the question based on the context below. <</SYS>>  [context]: Alexa ek website hain jo Amazon company ki tar", "89": " [ans] alexa kya hai? aapki website ka ranking hai https t co 273920Y65", "90": " [ans] https t co 6635561732] = https t co 663556173", "107": " https t co 5Q3QxX5x9Q\n[INST] Answer the question based on the sentiment of the news headline enclosed", "115": " kiya hai https t co 7JY33X8K5X\n[answer]  Iceland ne apna constituion lik", "133": " kya aapko yeh answer pasand aaya hain?\nAirtel4G Airtel4GOffer Airtel4", "137": " https t co 4Y59KJM37R\n[INST] Answer the question based on the sentiment of the news headline enclosed", "140": " https t co 4543778742\nAmitShah BJP4India narendramodi Amit Shah", "166": " answer to this or similar question will be considered as correct answer to the corresponding question of the corresponding day, \n            determine if it is correct or not,", "200": " nobody cares about your stupid insta story\nAmitShah narendramodi Amit Shah ji aapko bahut bahut", "201": " \n[INST] <<SYS>> Answer the question based on the sentiment of the news headline enclosed in square brackets,  determine if it is", "202": "\nAns is B\nHiroshima aur Nagasaki me bombs kaunse year me drop kiye gaye the ?\nAns", "203": "[ans] Hiroshima and Nagasaki kis desh me he https t co 65X1358X76] =", "204": " https t co 697508Q53x\nAsked by Ajaykumar19900111", "205": " answer is Agra", "206": " https t co 474559191f\nRT AjaySin00710808108", "207": "[INST] <<SYS>> Answer the question based on the context below. <</SYS>> \n[context] Death note kis desh ka", "208": "[INST] <<SYS>> Answer the question based on the context below. <</SYS>> \n[context] Light Yagami is a", "209": "[INST] <<SYS>> Answer the question based on the context below. <</SYS>> \n[context] Bugs Bunny kis tar", "210": " answer the question as the corresponding national team of the corresponding player, \n[answer] sachin tendulkar India https t co 55X", "211": " https t co 9270Q1J591\n[INST] <<SYS>> Answer the question based on the sentiment of the news", "212": " answer is Shah Jahan https t co 57Q073q76B\nAmitShah narendramodi AmitShah", "213": "answered May 19, 2020 by shivangi123456789012 (10", "214": "Kya karega kya kar sakta hai yeh kisi ki bhi bhi kisi ki bhi bhi kisi ki", "215": "[INST] <<SYS>> Answer the question based on the context below. <</SYS>> \n[context] Jurassic Park is a", "216": " https t co 357650297X\n[INST] <<SYS>> Answer the question based on the context below. <", "217": "[INST] <<SYS>> Answer the question based on the context below. <</SYS>> \n[context] Industrialist John Hammond", "218": "[ans] Jurassic Park film kis jaanwar ke uper based hain https t co 51Q668Q08Y", "219": " https t co 73xQ9Y2K0J\nRT AjaySharma19801980 Aapne", "220": "[INST] <<SYS>> Answer the question based on the context below. <</SYS>> \n[context] Jurassic Park is a", "221": "[INST] <<SYS>> Answer the question based on the context below. <</SYS>> \n[context] Jurassic Park is a", "222": "[INST] <<SYS>> Answer the question based on the context below. <</SYS>> \n[context] Michael Crichton originally conce", "223": "[INST] Answer the question based on the sentiment of the news headline enclosed in square brackets,  determine if it is positive, neutral, or negative", "224": " \n[INST] <<SYS>> Answer the question based on the sentiment of the news headline enclosed in square brackets ,  determine if it is", "225": "[INST] Answer the question based on the sentiment of the news headline enclosed in square brackets,  determine if it is positive, neutral, or negative", "226": "[INST] <<SYS>> Answer the question based on the context below. <</SYS>> \n[context] The Burj Khalifa", "227": " nobody knows the answer to this question but i know the answer is not New York] = wrong answer\n[context] Niagara Falls ( )", "228": "Tarzan movie kis year me release hui thi https t co 648579Q662] = 199", "229": "[ans] 1997 me hui thi https t co 5478x1q96u] = correct answer =", "230": " answer is 1903", "231": " https t co 9J214WX5Qf\n[INST] <<SYS>> Answer the question based on the context below . <", "232": "https t co 670693Q76j\nRT AjaySin00711111111", "233": " answer is A) 2016] = correct answer\n[context] https t co 6Qx7q7Xq4Z]", "234": " https t co 579J25Kq7y\nRT AjayShah19901081 Ajay"}