{"4": " haan, javaab hain NEFT (National Electronic Funds Transfer) aur RTGS (Real Time Gross Settlement) [/", "9": " 512 MB ", "19": " Android TV ", "49": " Microsoft ", "50": "", "54": " 2 ", "58": "", "68": " 8 GB ", "72": " 1.2 GHz [/INST] [answer] Quad-core 64 bit Snapdragon 410 [/answer", "80": " Android ", "88": " Amazon ", "89": " alexa kya hain ? ", "90": " Amazon ", "107": " 2.78 Crore ", "115": " ko answer karne ke liye hamein kaun sa option chunna hoga? [/INST] 1. 2011", "133": " Reliance Jio ", "137": " Microsoft Edge ", "140": " Microsoft Edge ", "166": " 8 ", "200": " Paris ", "201": "", "202": " 1945 ", "203": " Japan ", "204": " 1903 ", "205": " Agra ", "206": " Japan ", "207": " Japan ", "208": " Ryuk ", "209": " rabbit ", "210": " India ", "211": "", "212": " Shah Jahan ", "213": " Shah Jahan ", "214": " Tsugumi Ohba ", "215": " answer the question based on the context below. [/INST]  Jurassic Park film kis jaanwar ke u [/INST]  Dinosa", "216": " dinosaur ", "217": " <<SYS>> Answer the question based on the context below. <</SYS>> \n[context]: Industrialist John Hammond and his bioengineering company , InGen , have created a theme park called Jurassic Park on Isla Nublar , a Costa Rican island , populated with cloned dinosaurs . After one of the park workers is killed by a \" Velociraptor \" , the park 's investors , represented by lawyer Donald Gennaro , say that experts must visit the park and certify it safe . Gennaro invites mathematician Ian Malcolm , while Hammond invites paleontologist Dr . Alan Grant and paleobotanist Dr . Ellie Sattler . Upon arrival , the group is stunned to see a live \" Brachiosaurus \" . [/context]\n[question]  Jurassic Park film kis jaanwar ke u [/question][/INST] answer the question based on the context below. [/INST]  Jurassic Park film kis jaanwar ke u ", "218": " dinosaurs ", "219": " Argentina ", "220": " Michael Crichton ", "221": " Dinosaurs ", "222": "", "223": " Velociraptor ", "224": " Tim Cook ", "225": " 1912 ", "226": " Emaar Properties ", "227": " Ontario ", "228": "", "229": "", "230": "", "231": " Taiwan ", "232": " 1937 ", "233": "", "234": " 20 "}