{"4": " National Electronic Funds Transfer ", "9": " 512 MB ", "19": " Android TV ", "49": " Microsoft ", "50": " Joe Belfear ", "54": " 2 ", "58": " Android ", "68": " 8 GB ", "72": " ka answer answer kare to hen to is comment me diya answer ko like kiya karte hain aur question answer correct hoga to is question par", "80": " Android ", "88": " Amazon ", "89": " Alexa kis website ki ranking deti hain. ", "90": " Amazon ", "107": " 2.78 crore ", "115": " 2011 mein ", "133": "hii friends is post mei mai aapko bataya hu ki reliance geo kiska hain. Agar aapko yeh j", "137": " Microsoft Edge ", "140": " Microsoft Edge ", "166": " 8 megapixel ", "200": " Hinweis : answer ka answer board par blue color text dikha jayega. [/HINTS]\n[answer] France [/answer", "201": " Carrot ", "202": " 1945 ", "203": " Japan ", "204": " 1903 ", "205": " Agra ", "206": " Japan ", "207": " Japan ", "208": " Ryuk ", "209": " rabbit ", "210": " India ", "211": " Hogwarts ", "212": " Shah Jahan ", "213": " Shah Jahan ", "214": " Tsugumi Ohba ", "215": " dinosaur ", "216": " dinosaur ", "217": " Brachiosaurus ", "218": " dinosaurs ", "219": " Argentina ", "220": " Michael Crichton ", "221": " T - Rex ", "222": " dinosaur ", "223": " Brachiosaurus ", "224": " Tim Cook ", "225": " 1912 ", "226": " Mohamed Ali Alabbar ", "227": " New York ", "228": " 1999 ", "229": " 1997 ", "230": " 1903 ", "231": " Taiwan ", "232": " 1937 ", "233": " 2016 ", "234": " 6 "}