{"4": "nternet ki suvidha.BSNL is waqt sabse jyada internet services par focus kar raha hain. Iske tahat F/y 2015-16 mein pure desh mein 2500 Wi-Fi hot spot lagaye jayenge. Jin par shuru", "9": " 512 MB ", "19": " Android TV ", "49": " Microsoft ", "50": " Joe Belfear ", "54": " 2 ", "58": " Android ", "68": " 8 GB ", "72": " Snapdragon 410 ", "80": " Android ", "88": " Amazon ", "89": " website ", "90": " Amazon ", "107": " 2.78 Crore ", "115": " 2011 ", "133": " Ambani ", "137": " Microsoft Edge ", "140": "", "166": " aapko mila tha ki rear camera 8 Megapixel ka hain. Lekin iski jaroorat nahi hain ki aap iska upyog kare. Kyonki yeh phone ek khilaune ka kaam karega. Isme a", "200": " France ", "201": " carrot ", "202": " 1945 ", "203": " Japan ", "204": " 1903 ", "205": " Agra ", "206": " Japanese ", "207": " Canada ", "208": " Ryuk ", "209": " Rabbit ", "210": " Indian ", "211": " Hogwarts School of Witchcraft and Wizardry ", "212": "aapka smartphone computer ka bhi kaam kare. Microsoft ne is or kadam badhaye hain. Microsoft ne Windows 10 ke ek khas feature 'Continuum' ka khulasa kiya hain. 'Continuum' Microsoft ke windows 10 Smartphone ko", "213": " Shah Jahan ", "214": " Tsugumi Ohba ", "215": " dinosaurs ", "216": " dinosaurs ", "217": " Brachiosaurus ", "218": " dinosaurs ", "219": " Argentina ", "220": " Steven Spielberg ", "221": " dinosaurs ", "222": " dinosaur ", "223": " Brachiosaurus ", "224": " Tim Cook ", "225": " 1912 ", "226": " Emaar Properties ", "227": " Ontario ", "228": " 1998 ", "229": "is show mein main character rohani thi, jo anna ki kanhi nahi hoti thi aur desh ki kisi bhi choti-jagah par hamesha khiche phire rehti thi, Jisne unke ghar mein ek aawaz mac", "230": " 1903 ", "231": " United States ", "232": " May 27, 1937 ", "233": " October 27, 2016 ", "234": " 6 "}