{"4": " Microsoft ", "9": "pahle 128 MB ki thi. Ab ise 512 MB tak badhaye gaye hain. ", "19": " Android TV ", "49": " Microsoft ", "50": "s aor Microsoft ke Joe Belfear ne Continuum ka aisa kamaal dikhaaya. ", "54": " 2 ", "58": "abeli Answer the question based on the context below. \n[context]: Microsoft ne Windows 10 ke liye ek free video editing software Microsoft Movies editing software Microsoft ke Windows 10 Smartphone, Tablet aur PC ke liye free mein available hoga. Microsoft ne is or k", "68": " sabse pahle pichle step mein diya gya hain ki Yu Yunique ki internal memory 8 GB hain. Iske alawa aapko 32 GB tak expand karne ki suvidha milegi. [/question] [/INST] [answer] ", "72": " Quad-Core 64 Bit Snapdragon 410 ", "80": "r] Android ", "88": " Alexa Rank ", "89": " Software Developer and Web Developer ", "90": "avaab diya. Amazon company. [/INST] ", "107": "dene wala answer] 2.78 Crore ", "115": " 2011 ", "133": " Airtel ", "137": " Microsoft Edge ", "140": " Microsoft Edge ", "166": " 8 Megapixel ", "200": " France ", "201": "", "202": " sabse pahle answer the question based on the context below. \n[context]: August 6, 1945 ko America ne Hiroshima, Japan par ek gun - type ( Little Boy ) atomic bomb gira . Isme 90,000\u2013146", "203": "", "204": " 1903 ", "205": "ani ", "206": "", "207": " Canada ", "208": " Ryuk ", "209": "r\"] Rabbit ", "210": " akhbaar ke mutabik, Sachin Ramesh Tendulkar ka paana 1988 mein Haryck Fort , Kochi , India mein hua tha. Unka paalan-posha karne vaala aaj bhi India ke paalan", "211": " magar is aor answer is incorrect. Answer the question based on the context below.\n[context]: Hogwarts School of Witchcraft and Wizardry , also known as Hogwarts and Hogwarts School of Witchcraft , Wizardry , or Hogwarts Castle , is a fict", "212": "", "213": "", "214": " Tsugumi Ohba ", "215": " janiye answer the question based on the context below.\n[context] Jurassic Park is a 1993 American science - fiction adventure film directed by Steven Spielberg . The first installment of the \" Jurassic Park \" franchise , it is based on the 199", "216": "r\"] dinosaurs ", "217": " <SYS>> Answer the question based on the context below.\n[context]: The \" Brachiosaurus \" is a small but imposing dinosaur , standing taller than the group of people in the scene . She is the first to notice the group , and is the first to greet them", "218": " dinosaurs ", "219": "r] Argentina ", "220": " Steven Spielberg ", "221": " dinosaurs ", "222": " dinosaurs ", "223": " dinosaurs ", "224": " Tim Cook ", "225": " akara answer the question based on the context below.\n[context] \" Titanic \" has been re- memored in a variety of ways in the century since she sank in the North Atlantic Ocean in 1912 . [/context] [/INST] [answer] 19", "226": "r ke mutabik , Burj Khalifa ka owner Emaar Properties hain. ", "227": " New York ", "228": " 1999 ", "229": " 1997 ", "230": "r the question based on the context below. \"1903\" ", "231": " Taiwan ", "232": "pahle ise kab open kiya gya tha ? [/question] [/INST] 1937 ", "233": " 2016 ", "234": "'s cube mein 60 number hote hain. "}