{"4": " National Electronic Funds Transfer ", "9": " 512 MB ", "19": " Android TV ", "49": " Microsoft ", "50": " PC ", "54": " 1. Bangladesh, Sri Lanka, Pakistan aur Nepal ", "58": " Android ", "68": " 8 GB ", "72": "[/INST]yeah sure you are talking about Micromax Yu Yunique smartphone full specifications and features. Isme aapko pata chalega ki Micromax Company ne is smartphone mein kya processor diya hain. Isme aapko 1.2 GHz ka Quad", "80": " Android ", "88": " Amazon ", "89": " Website ", "90": " Amazon ", "107": " 100 Crore ", "115": " 2011 ", "133": " Mukesh Ambani ", "137": " Microsoft Edge ", "140": "", "166": " 8 Megapixel ", "200": " France ", "201": " carrots ", "202": " 1945 ", "203": " Japan ", "204": "", "205": "", "206": " Japan ", "207": " Japan ", "208": " Ryuk ", "209": " Rabbit ", "210": " Aravind Kejriwal ", "211": " Hogwarts School of Witchcraft and Wizardry ", "212": "", "213": " Shah Jahan ", "214": " Tsugumi Ohba ", "215": " dinosaurs ", "216": " dinosaurs ", "217": " dinosaur ", "218": "", "219": " Argentina ", "220": " Michael Crichton ", "221": " dinosaurs ", "222": " dinosaurs ", "223": " brachiosaurus ", "224": " Tim Cook ", "225": " 1912 ", "226": " Emaar Properties ", "227": " Ontario ", "228": " 1999 ", "229": " 1997 ", "230": " 1903 ", "231": " Taiwan ", "232": " 1937 ", "233": " 2016 ", "234": " six "}