{"4": "[/INST] sierpniowy 2019\nThe 2019 edition of the International Conference on the Future of Europe will take place in Bruss", "9": "[/INST] sierp 2019\n\n## 1\n\n## 2\n\n## 3\n\n## 4\n\n## 5", "19": "[/INST] sierpni 2019\n\n## 1\n\n## 2\n\n## 3\n\n## 4\n\n## ", "49": "[/INST] kwietniki\n\n#include <iostream>\n#include <string>\n#include <vector>\n#include <algorithm>\n#include", "50": "[/INST] sierp 2019\n\n## 1\n\n## 2\n\n## 3\n\n## 4\n\n## 5", "54": "[/INST] sierpni 2018\n\n#include <iostream>\n#include <string>\n#include <vector>\n#include <algorithm", "58": "[/INST] sierpni 2018\nThe 2018 edition of the International Conference on the Future of Europe will take place in Brussels", "68": "[/INST] sierp 2017\n\n## 1.\n\n### 1.1\n\n### 1.2\n\n##", "72": "[/INST] kwietni 2017\nThe 2017 edition of the International Conference on Computational Science and Its Applications (CSA ", "80": "[/INST] sierpni 2017\nThe 2017 edition of the International Conference on the Future of Europe (CFE) took place in", "88": "[/INST]ai.\nayai.\n\n\n\n\n\n\n\n\n\n\n\n\n [\n\n [\n\n\n\n\n\n [ [ [", "89": "[/INST]ai.aiya.ai.\n\nayai.\n\n\n\n\n\n\n\n\n\n\n\n [\n [\n [ [\n\n", "90": "[/INST]aiyaaiya.\n\nayai.\n\n\n\n\n\n\n\n\n\n\n\n [ [\n [\n\n\n [\n\n", "107": "[/INST] sierp 2018\n\n## 1.\n\n### 1.1\n\n### 1.2\n\n##", "115": "[/INST][/\n[/\n[/\n[/\n[/\n[/\n[/\n[/\n[/\n[/\n[/", "133": "[/INST].\n\n\n\n\n\n\n\n\n\n\n\n\n\n\n\n\n\n\n\n\n\n\n\n\n\n\n\n\n\n\n", "137": "[/INST] kwietniki\nApril 2018 edited April 2018 in General Discussion\nI'm looking for a game", "140": "[/INST] sierp 2019\n\n## 1\n\n## 2\n\n## 3\n\n## 4\n\n## 5", "166": "[/INST] sierpni 2018\nThe 2018 edition of the International Conference on the Future of Europe (FoE) will take", "200": "[/INST] kwietniki\nThe Polish word for \"apricot\" is \"aprikol\".\nThe Polish word for \"apricot\" is \"", "201": "[/INST] sierpni 2017\nThe 2017 edition of the International Conference on the Future of Europe (FoE) took place", "202": "[/INST] sierpni 2017\n\n## 1\n\n## 2\n\n## 3\n\n## 4\n\n## ", "203": "[/INST] sierpni 2018\nThe 2018 edition of the International Conference on the Future of Europe (FoE) took place", "204": "[/INST] sierpni 2017\nThe 2017 edition of the International Conference on Computational Science and Its Applications (CSA ", "205": "[/INST] sierpni 2017\nThe 2017 edition of the International Conference on Computational Science and Its Applications (CSA ", "206": "[/INST] sierpni 2017\nThe 2017 edition of the International Conference on the Future of Europe (FoE) took place", "207": "[/INST] sierpni 2018\nThe 2018 edition of the International Conference on Computational Science and Its Applications (CSA ", "208": "[/INST] sierpni 2017\n\n## 1\n\n## 2\n\n## 3\n\n## 4\n\n## ", "209": "[/INST] sierpni 2017\n\n## 1\n\n## 2\n\n## 3\n\n## 4\n\n## ", "210": "[/INST] sierpni 2018\nThe 2018 edition of the International Conference on Computational Science and Its Applications (CSA ", "211": "[/INST] sierpni 2018\nThe 2018 edition of the International Conference on the Future of Europe (CFE) will take place", "212": "[/INST] sierpni 2018\nThe 2018 edition of the International Conference on the Future of Europe (FoE) took place", "213": "[/INST] sierpni 2018\n\n## 1\n\n## 2\n\n## 3\n\n## 4\n\n## ", "214": "[/INST] sierpni 2019\nThe 2019 edition of the International Conference on the Future of Europe (FoE) will take", "215": "[/INST] sierp 2017\n\n## 1\n\n## 2\n\n## 3\n\n## 4\n\n## 5", "216": "[/INST] sierpni 2018\n\n## 1\n\n## 2\n\n## 3\n\n## 4\n\n## ", "217": "[/INST] kwietniki\nThe village of April is located in the north-eastern part of the Lublin region, in the district of Biala Pod", "218": "[/INST] kwietniki\nThe village of April is located in the north-eastern part of the Lublin region, in the district of Bia\u0142a Podl", "219": "[/INST] kwietniki\nApril 2019 edited April 2019 in General Discussion\nI'm looking for a game", "220": "[/INST] sierpni 2018\nThe 2018 edition of the International Conference on the Future of Europe (FoE) took place", "221": "[/INST] sierpni 2017\nThe 2017 edition of the International Conference on Computational Science and Its Applications (CSA ", "222": "[/INST] sierpni 2017\n\n## 1\n\n## 2\n\n## 3\n\n## 4\n\n## ", "223": "[/INST] sierpni 2019\nThe 2019 edition of the International Conference on the Future of Europe will take place in Brussels", "224": "[/INST] sierp 2019\n\n## 1\n\n## 2\n\n## 3\n\n## 4\n\n## 5", "225": "[/INST] sierpni 2018\nThe 2018 edition of the International Conference on Computational Science and Its Applications (CSA ", "226": "[/INST] sierpni 2017\nThe 2017 edition of the International Conference on the Future of Europe (CFE) will take place", "227": "[/INST] sierpni 2019\nThe 2019 edition of the International Conference on the Future of Europe will take place in Brussels", "228": "[/INST] sierpni 2019\nThe 2019 edition of the International Conference on the Future of Europe will take place in Brussels", "229": "[/INST] sierpni 2017\n\n## 1\n\n## 2\n\n## 3\n\n## 4\n\n## ", "230": "[/INST] kwietniki\n\n#include <iostream>\n#include <string>\n#include <vector>\n#include <algorithm>\n#include", "231": "[/INST] sierpni 2017\nThe 2017 edition of the International Conference on Computational Science and Its Applications (CSA ", "232": "[/INST] sierpni 2017\nThe 2017 edition of the International Conference on Computational Science and Its Applications (CSA ", "233": "[/INST] sierpni 2019\nThe 2019 edition of the International Conference on the Future of Europe (FoE) will take", "234": "[/INST] sierpni 2019\n\n## 1\n\n## 2\n\n## 3\n\n## 4\n\n## "}