{"4": "  National Electronic Funds Transfer ", "9": " 512 MB ", "19": " Android TV ", "49": "  Microsoft ", "50": " Joe Belfear ", "54": " 2 ", "58": " Android ", "68": "bharat.com/answer/answer.php?question=Yu Yunique mein kitni internal memory hai?&answer=8 GB&context=Indian Handset maker company Micromax ne apna naya smartphone Yu Yunique smartphone launch kiya hain. Company ka daawa h", "72": "  1.2 GHz ka Quad-Core 64 Bit Snapdragon 410 Processor ", "80": " Android ", "88": "  Alexa ", "89": "  Alexa Rank ", "90": " Alexa.com ", "107": "bharat.com/answer/answer.php?answer=2.78%20Crore&question=India%20mein%20Landline%20users%20kitne%20hain%3F&context=Telecom%20companies%20ne%20n", "115": " 2011 mein ", "133": ".com/4g-india/4g-questions-answers/ <|end_split|> \n<|start_context|>  Airtel 4G ka launch kisne kiya? <|end_context|>\n<|start_question|>  Airtel", "137": "  Microsoft Edge ", "140": "  Microsoft Edge ", "166": "news.com/2015/07/micromax-yu-yunique-4g-smartphone-launched.html <|end_split|> 8 Megapixel ", "200": "  Paris, France ", "201": "bharat.com/answer/answer.php?question=What was bugs bunny's favorite food?&answer=carrots&context= Bugs'nonchalant carrot - chewing standing position, as explained by Freleng, Jones and Bob Clampett, originated in a scene from the ", "202": " 1945 ", "203": " Japan ", "204": " 1903 ", "205": " Agra ", "206": "  Japan ", "207": "  North America  ", "208": "t_answer|>  Ryuk  |end_answer|> \n<|start_context|>  The Death Note is a notebook that kills anyone whose name is written in it. The Death Note is a notebook that kills anyone whose name is written in it. The Death Note is a", "209": "  Bugs Bunny is a fictional cartoon character, created by American animator Chuck Jones at Warner Bros. Cartoons. Bugs is best known for his starring roles in the Looney Tunes and Merrie Melodies theatrical short subjects, produced", "210": "  indiya ke national team ke liye ", "211": "sportal.com/answer/answer.php?question=Harry+potter+kis+school+mei+padhta+tha?&answer= Hogwarts <|end_split|> \n <|start_context|>  The first Harry Potter book was published in 1997. The first film", "212": "  Shah Jahan ", "213": "pedia.com/articles/taq mahal\n<|start_context|>  The Taj Mahal is a mausoleum located in Agra, India. The Mughal Emperor Shah Jahan commissioned it in 1632 as a mausoleum for his favorite wife,", "214": "start_context|>  Tsugumi Ohba <|end_context|>\n<|start_context|>  Tsugumi Ohba <|end_context|>\n<|start_context|>  Tsugumi Ohba <|end_context|>\n<|start_context|>", "215": "  |end_answer|>  <|start_context|>  |end_context|>  |end_examples|>  |end_user|>  |end_context|>  |end_question|>  |end_answer|>", "216": "  dinosaur ", "217": "sdictionary.com/definition/velociraptor\n<|start_context|>  The Velociraptor is a genus of dromaeosaurid theropod dinosaur. It is one of the best known dinosaur, due to the discovery of several complete or nearly complete skeletons with skin", "218": "  Dinosaur ", "219": "ltopnews.in/2016/11/03/argentina-messi-3/  <|end_split|>  Messi  ", "220": " Steven Spielberg ", "221": "  Dinosaur ", "222": "  dinosaur ", "223": "  Velociraptor ", "224": "  Tim Cook  ", "225": " 1912 ", "226": " Emaar Properties ", "227": "  Ontario  ", "228": " 1999 ", "229": " 1997 ", "230": "pedia.com/articles/1/1/1/1/1/1/1/1/1/1/1/1/1/1/1/1/1/1/1/1/1/1/1/1/1/1/1/", "231": "com/htc/  HTC <|end_split|> \n <|start_context|>  HTC One ( M7 ) is a smartphone developed by HTC Corporation. It was announced on 19 February 2013 and released in March 2013. The HTC One is the successor to the HTC", "232": "  May 27, 1937 ", "233": "  2016 ", "234": "  6 "}