{"4": " National Electronic Funds Transfer ", "9": " 512 MB ", "19": " Android TV ", "49": " Microsoft ", "50": " Joe Belfear ", "54": " 2 ", "58": " Android ", "68": "\n[question] 4G konsa hain? [/question][/INST] [/context]\n[question] 4G k", "72": "\n[question]  Micromax Yu Yunique smartphone mein kaunsa Operating system hain? [/question][/INST]\n", "80": " Android ", "88": " Amazon ", "89": " Alexa is a website that gives the ranking of any website in the world. ", "90": " Amazon ", "107": " 2.78 Crore ", "115": " 2011 ", "133": " Reliance Jio ", "137": " Edge ", "140": " Microsoft Edge ", "166": "\n[question]  selfie camera kitne megapixels ka hai? [/question][/INST]\n[question]  display", "200": " France ", "201": " Carrots ", "202": " 1945 ", "203": " Japan ", "204": " 1903 ", "205": " Agra ", "206": " Japan ", "207": " Japan ", "208": " Ryuk ", "209": " Rabbit ", "210": " India ", "211": " Hogwarts ", "212": " Shah Jahan ", "213": " Shah Jahan ", "214": " Tsugumi Ohba ", "215": " dinosaur ", "216": " dinosaur ", "217": " Brachiosaurus ", "218": " Dinosaurs ", "219": " Argentina ", "220": " Michael Crichton ", "221": " Dinosaurs ", "222": " dinosaurs ", "223": " dinosaur ", "224": " Tim Cook ", "225": " 1912 ", "226": " Emaar Properties ", "227": " Ontario ", "228": " 1999 ", "229": " 1997 ", "230": " 1903 ", "231": " Taiwan ", "232": " 1937 ", "233": " 2016 ", "234": " six "}