{"4": " [/SYS]\n[/SYS] [/INST]\n[/SYS] [/INST]\n[/SYS] [", "9": " ka javaab kya hai?\n[/context]\n[/INST]\n[/question]\n[/context]\n[/INST", "19": " [/SYS]\n[context]: Mitashi ne Android Tv ko Launch kiya hain. Jise tahat yeh Tv", "49": "  Microsoft ", "50": "  Joe Belfear ", "54": "[/SYS]\n[/SYS][/INST]", "58": "sabse pahle Android users ke liye free group call ki suvidha upalabdh hogi. But soon it will be available", "68": "\n[/SYS]\n[/INST]\n[/SYS]\n[/SYS]\n[/SYS]\n[/", "72": "\n[answer] 1.2 GHz ka Quad-Core 64 Bit Snapdragon 410 processor hai. [", "80": ".\n[/SYS]\n[/INST]\n[/SYS]\n[/INST]\n[/SYS]\n[/", "88": " kya aapko iska javaab pata hai ?\n[/SYS] [/SYS] [/SYS] [/", "89": " [/SYS]\n[/context] [/question] [/INST] [/SYS]\n[/context] [/question]", "90": " [/SYS]\n[/context] [/question] [/INST] [/SYS]\n[/context] [/question]", "107": "[/SYS]\n[/context]\n[/question]\n[/SYS]\n[/INST]\n[/context]\n", "115": " [/SYS]\n[/context] [/question] [/SYS]\n[/context] [/question] [/SYS", "133": " [/SYS]\n[/context] [/question] [/INST] [/SYS]\n[/context] [/question]", "137": " [/SYS]\n[/INST] [/SYS]", "140": " [/SYS]\n[/SYS][/INST]\n[/SYS][/INST]\n[/SYS][/INST]", "166": "\n[/SYS]\n[/INST]\n[/SYS]\n[/SYS]\n[/SYS]\n[/", "200": "  Paris , France ", "201": "  Carrots ", "202": " 1945 ", "203": "  Japan ", "204": " 1903 ", "205": "  Agra ", "206": "  Death Note is a Japanese show . ", "207": "  Japan ", "208": "  Ryuk ", "209": " \u0936 ", "210": "  bhaarat ", "211": " Hogwarts School of Witchcraft and Wizardry ", "212": " 1968 ", "213": "  Shah Jahan ", "214": " Tsugumi Ohba ", "215": "  The dinosaurs ", "216": "  Dinosaur ", "217": "  Brachiosaurus ", "218": "  The Jurassic Park film is based on the top of a dinosaur . ", "219": " Argentina ", "220": "  Michael Crichton ", "221": "  The animal in Jurassic Park is a dinosaur . ", "222": "  Dilophosaurus ", "223": "  braichiosoras ", "224": " Tim Cook ", "225": " 1912 ", "226": "  Emaar Properties ", "227": "  Ontario ", "228": " 1999 ", "229": " 1997 ", "230": " 1903 ", "231": " HTC is a Taiwanese company . ", "232": " 1937 ", "233": " 2016 ", "234": " 20 "}