{"4": " National Electronic Funds Transfer ", "9": "wer|> 512 MB ", "19": " Android TV ", "49": " Microsoft ", "50": "wer// Joe Belfear ", "54": "wer// 2  //</end_answer//  +#+#+#+user\u30fb\u2501\u30fb\u2501 <|start_question|> 4G SIM paane ke kitne option hai", "58": "wer|> Android ", "68": "", "72": "wer|> 1.2 GHz ka Quad-Core 64 Bit Snapdragon 410 ", "80": " Android ", "88": " Amazon ", "89": " Alexa ek website hain jo Amazon company ki taraf se banayi gyi hain. Alexa Rank veh rank hoti", "90": " Amazon ", "107": " 2.78 ", "115": " 2011 ", "133": " Reliance Geo ", "137": "wer|> Microsoft Edge ", "140": "wer// Microsoft ne apne latest browser se parda uthate huye ailan kiya hain ki Windows 10 OS aur us", "166": "wer|> 8 Megapixel ", "200": " Paris ", "201": " carrot ", "202": " 1945 ", "203": " Japan ", "204": " 1903 ", "205": " Agra ", "206": " Japan ", "207": " Japan ", "208": " Ryuk ", "209": " Rabbit ", "210": " Indian ", "211": " Hogwarts School of Witchcraft and Wizardry ", "212": " Shah Jahan ", "213": " Shah Jahan ", "214": " Tsugumi Ohba ", "215": "wer|> dinosaurs ", "216": " dinosaurs ", "217": " dinosaurs ", "218": "wer|> dinosaurs ", "219": "wer|> Argentina ", "220": " Michael Crichton ", "221": " dinosaurs ", "222": "wer|> dinosaurs ", "223": " dinosaurs ", "224": " Tim Cook ", "225": " 1912 ", "226": " Emaar Properties ", "227": " New York ", "228": " 1999 ", "229": " 1997 ", "230": " 1903 ", "231": " Taiwan ", "232": " 1937 ", "233": "wer// 2016 ", "234": " six "}