{"4": " National Electronic Funds Transfer ", "9": " 512 MB ", "19": " Android TV ", "49": " Microsoft ", "50": " Joe Belfear ", "54": " 2 ", "58": " Android ", "68": " ki RAM ki suvidha milegi. Agar iske storage capacity ki baat kare to isme 8 GB ki internal memory milegi, jise 32 GB tak Micro SD card ki madad se expand kiya ja sakta hain. <|end_answer", "72": " Snapdragon 410 ", "80": " Android ", "88": " Amazon ", "89": " website ", "90": " Amazon ", "107": " 2.78 Crore ", "115": " 2011 ", "133": " Reliance Geo ", "137": " Microsoft Edge ", "140": " Microsoft Edge ", "166": " 8 Megapixel ", "200": " Paris ", "201": " carrot ", "202": " 1945 ", "203": " Japan ", "204": " 1903 ", "205": " Agra ", "206": " Japanese ", "207": " Japanese ", "208": " Ryuk ", "209": " Rabbit ", "210": " Indian ", "211": " Hogwarts School of Witchcraft and Wizardry ", "212": " Shah Jahan ", "213": " Shah Jahan ", "214": " Tsugumi Ohba ", "215": " dinosaurs ", "216": " dinosaurs ", "217": " dinosaurs ", "218": " dinosaurs ", "219": " Argentina ", "220": " Steven Spielberg ", "221": " dinosaurs ", "222": " dinosaur ", "223": " Brachiosaurus ", "224": " Tim Cook ", "225": " 1912 ", "226": " Emaar Properties ", "227": " Ontario ", "228": " 1998 ", "229": " 1997 ", "230": " 1903 ", "231": " Taiwan ", "232": " May 27, 1937 ", "233": " October 27, 2016 ", "234": " 6 "}