{"4": "  National Electronic Funds", "9": "e.com/ ", "19": "e.com/search?q=android+tv+launch+by+mitashi+company\n  1. Android TV\n  2.", "49": "soft.com/en-us/news/press/2015/05/01/microsoft-announces-windows-10-continuum-technology\n ", "50": "e.com\n  1. Joe Belfear\n  2. Bill Gates\n  3. Satya Nadella\n ", "54": "l.in/4g/4g-plans.html\n  4G SIM paane ke kitne option hai?? \n  ", "58": "", "68": "e.com/ 4.7 inch ki display 1 GB ki RAM 8 GB ki internal memory 2000 mAh ki battery ", "72": "e.com/ 4.7 inch ki display hain. Micromax company ne apne is naye handset Yu Yunique mein Android", "80": "shforums.com/forums/answer.php?question_id=1&answer_id=1&answer=1&user_id=1&", "88": ".com/ Alexa ek website hain jo Amazon company ke taraf se banayi gyi hain. Alexa Rank veh rank hoti", "89": ".com/ Alexa ek website hain jo aapke website ke traffic ke hisaab se aapke website ka ranking deta", "90": ".com/ Alexa ek website hain jo Amazon company ne banayi hain. Alexa ek website hain jo Amazon company ne ban", "107": "e.com/url?q=http://www.google.com/url?q=http://www.google.com/url?q=http://www.google.com/url?q=http://www.google", "115": " 2011 mein ", "133": "nce.com/ ", "137": "e.com\n ", "140": "e.com/search?q=Internet+Explorer+ko+kiya+replace+kiya+Microsoft+ne\n ", "166": "e.com/ 4.7 inch ki display hain. Micromax company ne apne is naye handset Yu Yunique mein Android", "200": "e.com/url?sa=t&source=web&url=http://www.google.com/url?sa=t&source=web&url=http://", "201": "e.com/url?sa=t&source=web&cd=1&ved=0CCcQ6AEwB2oFCC", "202": "e.com/url?sa=t&source=web&cd=1&ved=0CCIQFjAA&q=Hiroshima+", "203": "e.com/ 1. 2. 3. 4. 5. 6. 7. 8. 9", "204": "dia.org/wiki/First_flight\n  1. 1903\n 2. 1904\n 3. 1905\n", "205": "e.com/url?sa=t&source=web&cd=0&ved=0CCcQ6AEwAAU&url", "206": "e.com/url?sa=t&source=web&cd=1&ved=0CCcQFjAA&q=Death+Note", "207": "e.com/url?sa=t&source=web&cd=0&ved=0CBUQFjABO0&url=http", "208": "e.com/url?sa=t&source=web&cd=0&ved=0CBUQFjAAOgk&url", "209": "e.com/url?sa=t&source=web&url=http://www.google.com/url?sa=t&source=web&url=http://", "210": "e.com/url?sa=t&source=web&cd=1&ved=0CCUQFjAAO0oARAB", "211": "ersdictionary.com/ ", "212": "e.com/search?hl=en&q=who+built+the+taj+mahal&btnG=Search+Google&meta=lr", "213": "e.com/search?hl=en&q=who+made+the+taj+mahal\n  1.  Shah Jahan\n ", "214": "e.com/search?hl=en&q=Death+Note+creator\n  1. Tsugumi Ohba\n  2. Ts", "215": "e.com/url?sa=t&source=web&url=http://www.google.com/url?sa=t&source=web&url=http://", "216": "e.com/url?sa=t&source=web&cd=1&ved=0CCcQFjAA&q=Jurassic+", "217": "e.com/url?sa=t&source=web&cd=1&ved=0CCcQ6AEwB2oFCC", "218": "e.com/url?sa=t&source=web&url=http://www.google.com/url?sa=t&source=web&url=http://", "219": "e.com/url?sa=t&source=web&cd=1&ved=0CCUQFjAA&q=|> \n", "220": "e.com/search?q=Jurassic+Park+franchise&btnG=Search+Google&ie=UTF-8&oe=UTF-8", "221": "e.com/url?sa=t&source=web&cd=1&ved=0CCIQFjAA&q=Jurassic+Park", "222": "e.com/url?sa=t&source=web&cd=0&ved=0CBUQFjAAOgk&", "223": "e.com/url?q=https://www.google.com/url?q=https://www.google.com/url?q=https://www.google.com/url?q=https://www.google", "224": "", "225": "e.com/url?sa=t&source=web&cd=1&ved=0CCUQFjAA&q=|> ", "226": "sh-bangladesh.com/ ", "227": "e.com/url?sa=t&source=web&url=http://www.google.com/url?sa=t&source=web&url=http://", "228": "e.com/url?sa=t&source=web&cd=1&ved=0CCUQFjAA&q=Disney+Tar", "229": "e.com/url?sa=t&source=web&cd=1&ved=0CCUQFjAA&q=Mother+T", "230": "e.com/url?sa=t&source=web&url=http://www.google.com/url?sa=t&source=web&url=http://", "231": "e.com/search?q=HTC+One+M7+variants\n   HTC kaunse country ki company hai?  HTC ka", "232": "e.com/url?sa=t&source=web&url=http://www.google.com/url?sa=t&source=web&url=http://", "233": "e. com / newsroom / 2016 / 10 / 27 / apple - introduces - macbook - pro - with -", "234": "e.com/url?sa=t&source=web&cd=1&ved=0CCcQ6AEwB2oFCC"}