{"4": "  National Electronic Funds Transfer ", "9": " 512 MB ", "19": " Android T.V. ", "49": " Microsoft ", "50": " Joe Belfear ", "54": " 2 ", "58": " Android ", "68": " 8 GB ", "72": " 1.2 GHz Quad-Core 64 Bit Snapdragon 410 Processor ", "80": " 1. Android ", "88": " Amazon ", "89": " [answer] Alexa is a website which provides information about the traffic of websites. It is a subsidiary of Amazon.com. Alexa provides information", "90": " \n", "107": " 2.78 crore ", "115": " 2011 mein ", "133": " Reliance Geo ", "137": " Microsoft Edge ", "140": " Microsoft Edge ", "166": " 8 megapixel ", "200": " nobody [/INST][/question][/INST] [/INST] [/INST] [/INST] [/INST] [/INST]", "201": " Carrot ", "202": " 1945 ", "203": " Japan ", "204": " 1903 ", "205": " Agra ", "206": "  India ", "207": " Japan ", "208": " Ryuk ", "209": "  Rabbit ", "210": "  India ", "211": " Hogwarts ", "212": " Shah Jahan ", "213": " Shah Jahan ", "214": " Tsugumi Ohba ", "215": " 1 ", "216": " [answer] 1000000000000000000000000000", "217": " 1 ", "218": " Tyrannosaurus Rex ", "219": " Argentina ", "220": " Michael Crichton ", "221": " Brachiosaurus ", "222": " T-Rex ", "223": " Brachiosaurus ", "224": " Tim Cook ", "225": " 1912 ", "226": " Emaar Properties ", "227": " New York ", "228": " 1999 ", "229": " 1997 ", "230": " 1903 ", "231": " HTC Taiwan ", "232": " 1937 ", "233": " 2016 ", "234": " 6 "}