{"4": " National Electronic Funds Transfer ", "9": " 512 MB ", "19": " Android TV ", "49": " Microsoft ", "50": " Joe Belfear ", "54": " 2 ", "58": " Android ", "68": " ka answer answer karne ka tarika ek simple hai. Micromax Yu Yunique mein 8 GB ki internal memory hain. [/", "72": " Quad-Core 64 Bit Snapdragon 410 ", "80": " Apple ", "88": " Amazon ", "89": "  [answer] Alexa Internet Company ki taraf se banayi gyi hain. Alexa Rank veh rank hoti hain jo Alexa", "90": " Amazon ", "107": " 2.78 crore ", "115": " 2011 ", "133": " Reliance ", "137": " Microsoft Edge ", "140": " Microsoft Edge ", "166": " 8 ", "200": " <<SYS>> Answer the question based on the context below. <</SYS>> \n[context]: The Eiffel Tower ( ; , ) is a wrought iron lattice tower on the Champ de Mars in Paris , France . It is named after the engineer Gustave Eiffel , whose company designed and built the tower . [/context]\n[question]  Eiffel Tower kahan hai ? [/question][/INST] nobody answer karne par yeh question Google par search karke jante hain ki Eiffel Tower Paris me hain. ", "201": " carrot ", "202": " 1945 ", "203": "", "204": " 1903 ", "205": " context answer mein yeh bataya gya hai ki Taj Mahal Agra city mein hai . [answer] Agra [/", "206": " Japan ", "207": " Japan ", "208": "", "209": " Rabbit ", "210": " India ", "211": " Hogwarts ", "212": " Shah Jahan ", "213": " Shah Jahan ", "214": " Tsugumi Ohba ", "215": " Steven Spielberg ", "216": " dinosaur ", "217": " dinosaur ", "218": "", "219": " Argentina ", "220": "", "221": "", "222": "", "223": " Brachiosaurus ", "224": " Tim Cook ", "225": "", "226": " Sheikh Khalifa bin Zayed Al Nahyan ", "227": " Canada ", "228": " ", "229": "", "230": " 1903 ", "231": " Taiwan ", "232": " 1937 ", "233": " 2016 ", "234": " 6 "}