{"4": " National Electronic Funds Transfer ", "9": " 512 ", "19": " Android TV ", "49": " Microsoft ", "50": "yeh answer the question based on the context below. [context]: Joe Belfear ne Microsoft ke event mein yeh dikhaya. Joe", "54": " 2 ", "58": " phone pe ke liye kya karna hoga? [context]: Hike messenger app ne apne features mein changes kiye hain.", "68": " 8 GB ", "72": " Quad-Core 64 Bit Snapdragon 410 ", "80": " iOS ", "88": " Amazon ", "89": " Website ranking ", "90": " Amazon ", "107": " 2.78 Crore ", "115": " 2011 ", "133": " Reliance Communications ", "137": " Microsoft Edge ", "140": " Microsoft Edge ", "166": " 8 Megapixel ", "200": " France ", "201": " carrot ", "202": " 1945 ", "203": "s answer the question based on the context below.  [context]: The two cities , Hiroshima and Nagasaki , were chosen as targets because", "204": " 1903 ", "205": "s answer the question based on the context below.  [context]: The Taj Mahal is an integral part of the Agra Complex , a UNES", "206": "s answer the question based on the context below. [context]: The \" Death Note \" manga series was first serialized in the Japanese manga magazine \"", "207": "s answer the question based on the context below.  [context]: \" Death Note \" is a Japanese manga series written by Tsugumi Ohba and", "208": "s answer the question based on the context below. [context]: Light Yagami is a genius high school student who discovers the \" Death Note \" ,", "209": " Rabbit ", "210": "s answer the question based on the context below. [context]: Sachin Ramesh Tendulkar ( ; born 24 April 19", "211": " Hogwarts School of Witchcraft and Wizardry ", "212": "s answer the question based on the context below.  [context]: The distraught Mughal Emperor Shah Jahan commissioned the mausole", "213": "s answer is [context]: The Taj Mahal is the mausoleum of Mumtaz Mahal ( the wife of Shah Jahan )", "214": "s answer the question based on the context below. [context]: Death Note mange ka creator kon he ? [/context]\n[answer] Ts", "215": " dinosaurs ", "216": " dinosaurs ", "217": " dinosaurs ", "218": " Jurassic Park ", "219": " Argentina ", "220": " Michael Crichton ", "221": "s answer the question based on the context below. [context]: Jurassic Park is a 1993 American science - fiction adventure film directed", "222": "s answer the question based on the context below. [context]: Jurassic Park is a 1993 American science - fiction adventure film directed", "223": "s answer the question based on the context below. [context]: Jurassic Park is a 1993 American science - fiction adventure film directed", "224": " Tim Cook ", "225": "s answer the context below. [context]: The \" RMS Titanic \" was a British luxury liner that sank in the North Atlantic Ocean", "226": "s answer the question based on the context below. [context]: The Burj Khalifa , also known as the tallest building in the world , is", "227": " Ontario ", "228": " 1999 ", "229": " 1997 ", "230": "s answer the context below. [context]: The 1903 Wright Flyer I , built with their own money , was powered by a ", "231": " Taiwan ", "232": " 1937 ", "233": " 2016 ", "234": " six "}