{"4": " National Electronic Funds Transfer ", "9": " 512 MB ", "19": " Android TV ", "49": " Microsoft ", "50": " Joe Belfear ", "54": " 2 ", "58": " phone answer the question based on the context below. [context]: Hike messenger app ne apne features mein changes kiye hain. Iske", "68": " 8 GB ", "72": " Quad-Core 64 Bit Snapdragon 410 Processor ", "80": " iOS ", "88": " Amazon ", "89": " Alexa is a website jo Amazon company ki taraf se banayi gyi hain. ", "90": " aur is answer ka use karne ka method kya hain? [answer] [context]: Alexa Website Amazon company ki taraf se banayi", "107": " computer answer the question based on the context below. [context]: Desh mein Landline phone Customers ki sankhya lagatar ghat ra", "115": " 2011 ", "133": " Reliance ", "137": " Microsoft Edge ", "140": " Microsoft Edge ", "166": " 8 Megapixel ", "200": " France ", "201": " carrot ", "202": " 1945 ", "203": " Japan ", "204": " 1903 ", "205": " Agra ", "206": " Japan ", "207": " Japan ", "208": " Ryuk ", "209": " Rabbit ", "210": " India ", "211": " Hogwarts School of Witchcraft and Wizardry ", "212": " Shah Jahan ", "213": " Shah Jahan ", "214": " Tsugumi Ohba ", "215": " dinosaurs ", "216": " dinosaurs ", "217": " dinosaurs ", "218": " dinosaurs ", "219": " Argentina ", "220": " Michael Crichton ", "221": " dinosaurs ", "222": " dinosaurs ", "223": " dinosaurs ", "224": " Tim Cook ", "225": " 1912 ", "226": " Emaar Properties ", "227": " Ontario ", "228": " 1999 ", "229": " 1997 ", "230": " 1903 ", "231": " Taiwan ", "232": " 1937 ", "233": " 2016 ", "234": " 6 "}