{"4": " php echo 'National Electronic Funds Transfer';? \n", "9": " _REF_1__0_0_0_0_0_0_0_0_0_0_0_0_0_0", "19": " php echo $q5;? ", "49": " php $post = new WP_Query( 'post_type=quiz&post_status=publish&posts_per_page=1' ); while ( $post->", "50": " :// Joe Belfear \n                ---Answer:  Joe Belfear \n                ---Answer: Joe Belfair \n                ---Answer: Joe B", "54": " :// 2 options hai. Aap khud Airtel Store mein jakar 4G Sim le le ya phir Airtel ki Website", "58": " _REF_ANSWER_1\n                Hike messenger app ke changes Android mobile OS mein pehle aaye.\n                ---Answer:  Hike messenger app", "68": " ://8GB \n                ---Answer: 4.7 inch \n                ---Answer: 1.2 GHz \n                ---Answer: 4G", "72": " php echo $question;? \n                ---Explanation: Micromax Yu Yunique smartphone mein 1.2 GHz ka Quad-Core 64 Bit Snapdragon", "80": " ://1. Android :- Pichle 2 saalo se baat kare to Google ka Mobile operating system yani ki Android Os sabse jy", "88": " php echo get_the_title( );? \n                ---Answer: Alexa Website kaunse company ne banayi hai? \n                ---Answer: Alexa Website", "89": " ://--- \n                ---Explanation: Alexa kya hai? Alexa kya hai? Alexa ek website hain jo Amazon company ki taraf se banayi gy", "90": " php echo $question->answer;?---\n                ---Explanation: ", "107": " [2.78 crore]\n                ---Explanation: Telecom companies ne naye sire se Landline ko badhawa dena shuru kar diya h", "115": " :// 2011\n                ---Answer: 2011\n                ---Answer: 2011\n                ---Answer: 2011\n                ---", "133": " ://answer-1\n                ---Answer: 2\n                ---Answer: 3\n                ---Answer: 4\n                ---Answer: ", "137": " :// Microsoft Edge\n                ---Answer:  Microsoft Edge\n                ---Answer:  Microsoft Edge\n                ---Answer:  Microsoft Edge\n                ---Answer", "140": " _REF\n    [name=\"answer\"] \n                    Microsoft Edge \n                [/name] \n                [/REF] \n                    [name=\"answer\"] \n                   ", "166": " php echo $a;? Megapixel \n                ---Answer: 8 Megapixel \n                ---Answer: 4G, 3G, Bluetooth", "200": " ://--- \n                ---Answer:  Paris, France ", "201": " _REF_0_1_1_1_1_1_1_1_1_1_1_1_1_1_1", "202": " :// 1945\n", "203": " ://en.wikipedia.org/wiki/Hiroshima_and_Nagasaki Answer: Hiroshima and Nagasaki are cities in Japan.", "204": " _REF_ANSWER ---1903\n                ---Explanation: 1903\n                ---Explanation: 1903\n                ---Explanation: 1903\n", "205": " ://Agra \n                ---Answer:  Agra \n                ---Answer:  Agra \n                ---Answer:  Agra \n                ---Answer", "206": " _REF_ANSWER_1_0_0_0_0_0_0_0_0_0_0_0_0_0", "207": " ://www.izn.com/drama/death-note/Death Note is a Japanese manga series written by Tsugumi Ohba and illustrated by Takeshi", "208": " a href=\"http://www.thehindu.com/news/national/andaman-and-nicobar-administration-warns-of-weather-related-disruptions", "209": " ://p>\n                ---Explanation: Bugs Bunny ka jinkal aurat hai. \n                ---Explanation: Bugs Bunny ka jinkal aurat hai", "210": " ://  India\n                ---Answer:  India\n                ---Answer:  India\n                ---Answer:  India\n                ---Answer:  India", "211": " :// Harry Potter went to Hogwarts School of Witchcraft and Wizardry. \n                    context: After the success of the films and books, Universal and Warner Brothers", "212": " php echo \"Answer: Mughal Emperor Shah Jahan\"? \n                    ---Explanation:  The distraught Mughal Emperor Shah Jahan commissioned", "213": " _REF_0_0_0_0_0_0_0_0_0_0_0_0_0_0_0", "214": " ://nagao: The author of the Death Note manga is Tsugumi Ohba. \n                ---Answer:  The creator of the Death Note", "215": " ://www.kidsdial.com/", "216": " _REFANSWER_---  Jurassic Park film ke 3D effects karan 3D kaam me aagee lekar, aagee", "217": " :// Jurassic Park film ki story par ek theme park kiya gaya hai jahaan par inGen company ke ek industrialist John Hammond ne dinosaur ke", "218": " ://www.google.co.in/search?q=Jurassic+Park+film+kis+jaanwar+ke+uper+based+hain%3F", "219": " :// Argentina \n                ---Explanation: ", "220": " ://www.quora.com/Who-is-the-creator-of-Jurassic-Park\nJurassic Park is a 1993 American science-fiction adventure film", "221": " ://", "222": " _REF_ANSWER---", "223": " _REF_ANSWER_1--- \n                ---Explanation: \n                ---", "224": " ://apple.com/2011/01/17/ceo-resignation/", "225": " ://---", "226": " ://www.google.co.in/url?q=https://www.quora.com/Who-is-the-owner-of-Burj-Khalifa&sa=D&ust=", "227": " php  $question = \"Niagara falls Canada ke kis state me hai?\"; $answer = \"Ontario\"; $question = str_replace(\"", "228": " ://en.wikipedia.org/wiki/Tarzan_(1999_film)", "229": " :// 1997 \n                ---Explanation: Mother Teresa ki death 1997 me hui thi. \n                ---Explanation: Mother Teresa ki death ", "230": " php echo $answer;? \n                ---Answer: 1903", "231": " A href=\"https://www.4answers.in\">4answers.in\n                ---Answer: 4answers.in\n                ---Answer: 4answers", "232": " :// The project was finished and opened May 27, 1937.", "233": " :// The first generation of MacBook Pro was introduced in 2006. The second generation was introduced in 2008. The third generation was introduced in ", "234": " ://answer:6\n                ---Explanation: Rubik's cube mein 6 colors hote hai."}