{"4": "[/INST]  kwietniki\nApril 2018 edited April 2018 in General Discussion\nI'm not sure if this", "9": "[/INST]  sierp 2018\nThe 2018 edition of the International Conference on the Future of Europe (CFE) will take place in", "19": "[/INST]  nobody's business but the lord's lyrics\nNobody's Business But the Lord's Lyrics. Nobody's", "49": "[/INST]  nobody's perfect, but i'm pretty close\nI'm a 20-something year old girl who is trying to figure out what", "50": "[/INST]  nobody's perfect, but i'm pretty close\nI'm not perfect. I'm not even close. I'm not even trying", "54": "[/INST]  sierpni 2019\nThe 2019 edition of the International Conference on the Future of Europe will take place in Brussels", "58": "[/INST]  nobody's perfect, but we're all perfect for somebody\nI'm not perfect, but I'm perfect for somebody.\nI'", "68": "[/INST]  sierpni 2017\nThe 2017 edition of the International Conference on the Future of Europe (FoE) will be", "72": "[/INST]  sierpni 2019\nThe 2019 edition of the International Conference on the Future of Europe will take place in Rome, Italy", "80": "[/INST]  sierp 2019\nThe 2019 edition of the International Conference on the Future of Europe (FoE) took place in", "88": "[/INST]  kwietniki\nApril 2018 edited April 2018 in General Discussion\nI'm looking for a game", "89": "[/INST]  sierp 2019\nThe 2019 edition of the International Conference on the Future of Europe (FoE) will take place", "90": "[/INST]  sierp 2019\nThe 2019 edition of the International Conference on the Future of Europe will take place in Brussels on", "107": "[/INST]  sierp 2019\nThe 2019 edition of the International Conference on the Future of Europe (FoE) took place in", "115": "[/INST]  sierpni 2019\nThe 2019 edition of the International Conference on the Future of Europe (FoE) took place", "133": "[/INST]  sierpni 2019\nThe 2019 edition of the International Conference on the Future of Europe will take place in Brussels", "137": "[/INST]  nobody's perfect, but i'm pretty close\nI'm not perfect, but I'm pretty close.\nI'm not perfect", "140": "[/INST]  kwietni 2019 r.\nThe 2019 edition of the International Conference on the Future of Europe (CFE) will", "166": "[/INST]  nobody's perfect, but we can all be better\nI've been thinking about the concept of perfectionism lately. I've been", "200": "[/INST]  nobody's perfect, but we can all be better\nI'm a big fan of the \"nobody's perfect\" philosophy. I", "201": "[/INST]  nobody's perfect, but i'm pretty close\nI'm not perfect. I'm not even close. I'm not even trying", "202": "[/INST]  sierpni 2018\nThe 2018 edition of the International Conference on the Future of Europe will take place in Rome, Italy", "203": "[/INST]  sierpni 2018\nThe 2018 edition of the International Conference on the Future of Europe (FoE) took place", "204": "[/INST]  sierpni 2017\nThe 2017 edition of the International Conference on the Future of Europe (CFE) will take place", "205": "[/INST]  nobody's perfect, but i'm pretty close\nI'm a 20-something year old girl who is trying to figure out what", "206": "[/INST]  sierpni 2018\nThe 2018 edition of the International Conference on the Future of Europe (CFE) will take place", "207": "[/INST]  nobody's perfect, but i'm pretty close\nI'm not perfect. I'm not even close. I'm not even trying", "208": "[/INST]  sierpni 2017\nThe 2017 edition of the International Conference on the Future of Europe (FoE) took place", "209": "[/INST]  nobody's perfect, but i'm pretty close\nI'm not perfect, but I'm pretty close.\nI'm not perfect", "210": "[/INST]  sierpni 2019\nThe 2019 edition of the International Conference on the Future of Europe (FoE) took place", "211": "[/INST]  sierpni 2017\nThe 2017 edition of the International Conference on the Future of Europe will take place in Brussels", "212": "[/INST]  sierpni 2017\nThe 2017 edition of the International Conference on Computational Science and Its Applications (ICCSA", "213": "[/INST]  sierpni 2019\nThe 2019 edition of the International Conference on the Future of Europe will take place in Brussels", "214": "[/INST]  nobody's perfect, but i'm pretty close\nI'm not perfect, but I'm pretty close.\nI'm not perfect", "215": "[/INST]  sierpni 2018\nThe 2018 edition of the International Conference on the Future of Europe (ICFE) will take place", "216": "[/INST]  sierpni 2018\nThe 2018 edition of the International Conference on Computational Science and Its Applications (ICCSA", "217": "[/INST]  sierpni 2018\nThe 2018 edition of the International Conference on the Future of Europe (CFE) will take place", "218": "[/INST]  nobody's perfect, but i'm pretty close\nI'm not perfect. I'm not even close. I'm not even trying", "219": "[/INST]  sierpni 2019\nThe 2019 edition of the International Conference on the Future of Europe will take place in Brussels", "220": "[/INST]  nobody's perfect, but i'm pretty close\nI'm a 20-something year old girl who is trying to figure out what", "221": "[/INST]  sierpni 2017\nThe 2017 edition of the International Conference on the Future of Europe (CFE) will take place", "222": "[/INST]  sierpni 2018\nThe 2018 edition of the International Conference on Computational Science and Its Applications (CSA ", "223": "[/INST]  nobody's perfect, but i'm pretty close\nI'm a 20-something year old girl who is trying to figure out what", "224": "[/INST]  sierpni 2018\nThe 2018 edition of the International Conference on the Future of Europe (ICFE) will take place", "225": "[/INST]  sierpni 2018\nThe 2018 edition of the International Conference on the Future of Europe (CFE) will take place", "226": "[/INST]  nobody's perfect, but i'm pretty close\nI'm not perfect. I'm not even close. I'm not even trying", "227": "[/INST]  nobody's perfect, but we're all perfect for somebody\nI'm not perfect, but I'm perfect for somebody.\nI'", "228": "[/INST]  nobody's perfect, but we're all perfect for somebody\nI'm not perfect, but I'm perfect for somebody.\nI'", "229": "[/INST]  sierpni 2019\nThe 2019 edition of the International Conference on the Future of Europe will take place in Rome, Italy", "230": "[/INST]  nobody's perfect, but i'm pretty close\nI'm a 20-something year old girl who is trying to figure out what", "231": "[/INST]  sierpni 2018\nThe 2018 edition of the International Conference on the Future of Europe (CFE) will take place", "232": "[/INST]  sierpni 2017\nThe 2017 edition of the International Conference on the Future of Europe (ICFE) will be held", "233": "[/INST]  sierpni 2018\nThe 2018 edition of the International Conference on the Future of Europe (FoE) will take", "234": "[/INST]  sierpni 2018\nThe 2018 edition of the International Conference on Computational Science and Its Applications (ICCSA"}