{"4": "\n\n the answer is:\n\nNEFT ka full form \"National Electronic Funds Transfer\" hai.", "9": "\n\nAccording to the context, the Android TV launched by Mitashi has 512 MB of RAM.", "19": "\n\n Mitashi company has launched an Android TV.", "49": "\n\nAccording to the context, Microsoft has launched the \"Continuum\" feature in Windows 10.", "50": "\n\nAccording to the context, it was Joe Belfiore who showcased the Continuum feature in an event.", "54": "\n\nAccording to the context, there are 2 options to get a 4G SIM:\n\n1. You can visit an Airtel Store to get a 4G SIM.\n2. You can request a 4G SIM on Airtel's website.", "58": "\n\nAccording to the context, the changes in Hike messenger app's features, specifically the free group call facility, were first introduced for Android users. However, it is mentioned that this service will be launched for iOS users soon, and for Windows users, it will be available in 2016.", "68": "\n\nAccording to the context, the internal memory of Micromax Yu Yunique is 8 GB, which can be expanded up to 32 GB with the help of a microSD card.", "72": "\n\nAccording to the context, the processor of Micromax Yu Yunique smartphone is a 1.2 GHz Quad-Core 64 Bit Snapdragon 410 processor.", "80": "\n\n it seems that the author is discussing the pros and cons of different smartphone operating systems, including Android, iOS, and Blackberry. The author mentions that Android is the most popular operating system, with a simple and user-friendly interface, and a wide range of devices available at various", "88": "\n\nAlexa.com is a website ranking system owned by Amazon.com. It was founded in 1996 by Bruce Luscher and Todd Fichtenberg, and was later acquired by Amazon in 1999. Alexa provides web traffic data and analytics to help website owners and marketers understand their online presence and", "89": "\n\nAlexa is a website ranking system developed by Amazon. It assigns a ranking to a website based on its traffic and popularity. The ranking is calculated based on the number of visitors a website receives and the amount of time they spend on the site. The higher the ranking, the more popular and well-known", "90": "\n\nAlexa website Amazon company ke taraf se banayi gyi hai.", "107": "\n\nAccording to the context, it is mentioned that there are 2.78 crore Landline customers in India.", "115": "\n\nAccording to the context, Iceland decided to draft its constitution in 2011.", "133": "\n\nAccording to the context, Reliance Geo is a company that has started its 4G service in India. It is mentioned that Reliance Geo has started its 4G service in 296 cities and areas, surpassing Airtel, Vodafone, and other operators.", "137": "\n\nAccording to the context, Microsoft's new browser's name is \"Microsoft Edge\".", "140": "\n\nMicrosoft ne Internet Explorer ko Microsoft Edge se replace kiya hai.", "166": "\n\nAccording to the context, the rear camera of Micromax Yu Yunique is 8 Megapixel.", "200": "\n\nThe Eiffel Tower is in Paris, France.", "201": "\n\n it seems that the question is asking what Bugs Bunny's favorite snack was. According to the context, Bugs Bunny's nonchalant carrot-chewing standing position originated from a scene in the 1934 film \"It Happened One Night\", where Clark Gable's character eats", "202": "\n\nAccording to the context, the atomic bombs were dropped in the year 1945.", "203": "\n\n Hiroshima and Nagasaki were bombed by the Allies.", "204": "\n\n the question is asking when the Wright brothers made their first flight.\n\nAccording to the context, the Wright brothers are credited with making the first true flight, and their supporters argue that their proven, repeated, controlled, and sustained flights entitle them to credit as inventors of the", "205": "\n\n the answer is Agra. The passage states that the Taj Mahal was built in the context of Agra's development, specifically as a related complex on both banks of the river in the city.", "206": "\n\n I understand that you are asking if \"Death Note\" is a TV show. However, the context only mentions the manga series and its publication history, but not a TV show. Therefore, I would answer:\n\nNo, the context does not mention a TV show.", "207": "\n\n I understand that the question is asking about the show \"Death Note\" being released in North America. According to the context, the answer is:\n\n\"Death Note\" media is licensed and released in North America by Viz Media, with the exception of the video games and sound", "208": "\n\n the answer is: Ryuk. Ryuk is the Shinigami, the original owner of the Death Note, who dropped the notebook to the human world out of boredom.", "209": "\n\n Bugs Bunny is a rabbit.", "210": "\n\n Sachin Tendulkar was playing for the Indian national team.", "211": "\n\n the answer is: Hogwarts School of Witchcraft and Wizardry.", "212": "\n\n the answer is: \u092e\u0941\u0917\u0932 \u0938\u092e\u094d\u0930\u093e\u091f \u0936\u093e\u0939\u091c\u0939\u093e\u0902 \u0928\u0947 (Mughal Emperor Shah Jahan commissioned) the Taj Mahal.", "213": "\n\n it can be inferred that the Taj Mahal was built by Shah Jahan.", "214": "\n\n the creator of the Death Note manga is Tsugumi Ohba.", "215": "\n\n the answer is: \"dinosaurs\".", "216": "\n\n I understand that you are asking about the impact of the film \"Jurassic Park\" on the depiction of dinosaurs in subsequent films.\n\nThe film \"Jurassic Park\" had a significant impact on the depiction of dinosaurs in subsequent films. The film's use of computer-generated visual effects", "217": "\n\n the answer is: Velociraptor.", "218": "\n\n the answer is: \u0915\u094d\u0932\u094b\u0928 \u0915\u093f\u090f \u0917\u090f \u0921\u093e\u092f\u0928\u093e\u0938\u094b\u0930 (cloned dinosaurs).", "219": "\n\n Messi represents Argentina.", "220": "\n\n the creator of Jurassic Park is Michael Crichton, who wrote the novel of the same name.", "221": "\n\n the answer is: dinosaurs.", "222": "\n\n the answer is: Dinosaur.", "223": "\n\n the animal mentioned is a \"Velociraptor\" and a \"Brachiosaurus\".", "224": "\n\n the answer is Tim Cook. According to the passage, Tim Cook assumed Jobs' day-to-day operations at Apple when Jobs took a medical leave of absence in January 2011.", "225": "\n\n the answer to the question \"Titanic ship kis varsh samundar mein dooba?\" (In which year did the Titanic ship sink in the ocean?) is 1912.", "226": "\n\n the owner of Burj Khalifa is Emaar Properties, and its chairman, Mohamed Ali Alabbar, is the developer of the project.", "227": "\n\n the answer is: Ontario.", "228": "\n\n the answer is: 1999. The Disney film \"Tarzan\" was released in 1999, and the song \"Tarzan & Jane\" by Toy-Box was released worldwide in 1999 to coincide with the film's release.", "229": "\n\n Mother Teresa's death occurred in 1997.", "230": "\n\n the answer is 1903.", "231": "\n\n HTC is a Taiwanese company.", "232": "\n\n the Golden Gate Bridge was opened on May 27, 1937.", "233": "\n\n the answer is: October 27, 2016.", "234": "\n\nThe context is about the popularity of the Rubik's Cube in the early 1980s, and the question is asking about the number of colors on the Rubik's Cube. The answer is 6 colors."}