{"4": "\n\n NEFT (National Electronic Funds Transfer) \n\n NEFT (National Electronic Funds Transfer) \n\n NEFT (National Electron", "9": "\ufffd\ufffd\ufffd 512 MB \n question: Android TV me Processor kitna hain?  <|assistant|>\n ", "19": "\n  Android TV  <|assistant|>\n  Android TV  <|assistant|>\n  Android TV  <|assistant|>", "49": "\n\n Microsoft  <|assistant|>\n Microsoft  <|assistant|>\n Microsoft  <|assistant|>\n Microsoft  <|", "50": "\n\n Joe Belfear  <|assistant|>\n question: Continuum ka kab tak khulasa hua?  <|", "54": "\n 2. \n question: 4G Sim paane ke kitne option hain?  <|assistant|>\n 2.", "58": "\nsaid Android  <|assistant|>\n question: Hike messenger app ke changes kaunse mobile OS mein pehele aaye", "68": "\nsambhvatah 8 GB  <|assistant|>\n question: Yu Yunique mein RAM kitni hai? ", "72": "\nsnapdragon 410 \n question: Micromax Yu Yunique smartphone mein RAM kitni hain?  <|", "80": "\ninme se kaun sa smartphone khareedne ke liye sabse best hain? \n 1. iPhone :- Apple ka iPhone", "88": "\n, \n question: Alexa Ranking kitni hoti hain?  <|assistant|>\n, \n question: Alexa", "89": "\n, \n question: alexa kya hain?  <|assistant|>\n, \n question: alexa kya ha", "90": "\n, \n question: Alexa rank kitni hoti hain?  <|assistant|>\n, \n question: Alexa rank", "107": "\n 2.78 Crore  <|assistant|>\n  question: airtel ne apne broadband par sirf 49", "115": "\n. 2011  . 2012  . 2013  . 2014  . 20", "133": "\n, \n question: aircel kiska hain  <|assistant|>\n, \n question: Idea kiska hain ", "137": "\n\n Microsoft Edge \n question: Microsoft ne apne new browser ka name kya rakha hain?  <|assistant|>\n Microsoft", "140": "\n  Microsoft Edge  <|assistant|>\n  Mozilla Firefox  <|assistant|>\n  Google Chrome  <|assistant|", "166": "\nsurely 8 \n question: front camera kitne megapixels ka hai?  <|assistant|>\nsure", "200": "\n\n Paris , France  <|assistant|>\n question: Eiffel Tower kitne feet ki doori par hai ?  <|", "201": "\n\n carrots  <|assistant|>\n  <|assistant|>\n  carrots  <|assistant|>\n", "202": "\n\n 1945 \n <|assistant|>\n 1945 \n <|assistant|>\n 19", "203": "\n  Japan  <|assistant|>\n  question: Hiroshima and Nagasaki kis desh me he ?  <|assistant", "204": "\n\n 1903 \n <|assistant|>\n 1903 \n <|assistant|>\n 19", "205": "\n\n Agra  <|assistant|>\n  <|assistant|>\n  <|assistant|>\n  <|assistant", "206": "\nsouth korea  <|assistant|>\n \n question: Death note kis year me aaya ?  <|assistant|>", "207": "\nsouth america \n  . \n  . \n  . \n  . \n  . \n  . \n  .", "208": "\n  Light Yagami  <|assistant|>\n question: Light Yagami ka naam kya tha ?  <|assistant|", "209": "\n\n rabbit \n <|assistant|>\n iska answer hain  .", "210": "\n sachin tendulkar  <|assistant|>\n bhaarat  <|assistant|>\n  <|assistant|", "211": "\n\n Hogwarts School of Witchcraft and Wizardry  <|assistant|>\n  <|assistant|>\n  <|", "212": "\n  Mughal Empire  . \n question: Taj Mahal kis year me banwaya tha ?  <|assistant|>\n", "213": "\n\n Shah Jahan  . \n question: Taj Mahal kisne banwaya tha ?  <|assistant|>\n\n Shah", "214": "\n\n Tsugumi Ohba  <|assistant|>\n  <|assistant|>\n  <|assistant|>\n  <", "215": "\nsarosa \n question: Jurassic Park film kis din ki hai ?  <|assistant|>\n 14 June 1", "216": "\ns par aadhaarit hai ?  <|assistant|>\n dinosaur  <|assistant|>\n  <|", "217": "\nsattler \n answer: dinosaur \n question: Jurassic Park film kis jahan ke u  <|assistant|>", "218": "\nsafarosaur  . \n question: Jurassic Park film kis year me riliyaayi huyi ?  <|ass", "219": "\nsouth korea  <|assistant|>\n Argentina  <|assistant|>\n Spain  <|assistant|>\n United", "220": "\nscientist  <|assistant|>\nMichael Crichton  <|assistant|>\nMichael Crichton ( ; born March ", "221": "\nsafarosaurus  <|assistant|>\n  <|assistant|>\n  <|assistant|>\n  <|", "222": "\n\n dinosaur  .  <|assistant|>\n question: Jurassic Park kaunse dinosaur hain ?  <|", "223": "\nsattler \n answer the question based on the context below.\n <|user|>\n The 2009 film , Jurassic", "224": "\nsir Tim Cook  <|assistant|>\n Tim Cook  <|assistant|>\n Tim Cook  <|assistant|>\n", "225": "\n 1912 \n question: Titanic ka sankhya 1912 mein 297 tha  <", "226": "\n\n Mohamed Ali Alabbar  <|assistant|>\n  <|assistant|>\n  <|assistant|>\n ", "227": "\n  New York  <|assistant|>\n question: Niagara falls kis province me hai ?  <|assistant|>\n ", "228": "\n\n 1999 \n <|assistant|>\n 1999 \n <|assistant|>\n 19", "229": "\n s 1997  <|assistant|>\n  <|assistant|>\n  <|assistant|>\n  <", "230": "\n\n 1903 \n  <|assistant|>\n  <|assistant|>\n  <|assistant|>\n", "231": "\n\n HTC Corporation  <|assistant|>\n Taiwan  <|assistant|>\n HTC Corporation  <|assistant|>\n", "232": "\n\n 1937 \n question: Golden Gate Bridge ka kitna khand bana hai ?  <|assistant|>\n", "233": "\nsambhvana 2016 \n question: MacBook Pro ke liye Touch Bar kis year mein announce kiya gaya", "234": "\nsxb \n answer: 6 \n question: Rubik 's cube mein kitne sides hote hain ?  <"}