{"4": "\n[Example]", "9": " 512 MB ", "19": "\n[Example]", "49": "\n[instruction]", "50": "\n[instruction]", "54": "\n[answer] 2 [/inst]", "58": " Android ", "68": " 8 GB ", "72": " 1.2 GHz Quad-Core 64 Bit Snapdragon 410 Processor ", "80": " Android ", "88": "\n\n\n\n\n\n\n\n\n\n\n\n\n\n\n\n\n\n\n\n\n\n\n\n\n\n\n\n\n", "89": "\n\n\n\n\n\n", "90": "\n\n\n\n\n\n\n\n\n\n\n\n\n\n\n\n\n\n\n\n\n\n\n\n\n\n\n\n\n\n\n\n\n", "107": " 2.78 Crore ", "115": "", "133": "", "137": "\n[/Example]", "140": "\n[context] Microsoft ne apne naveentar browser se parda uthate huye ailan kiya hai ki Windows 10 OS aur usse aage ke Operating System mein uska Latest browser dekhne ko milega. Ab tak ise project spartan", "166": " 8 Megapixel ", "200": " Paris , France ", "201": " Carrots ", "202": " 1945 ", "203": " Japan ", "204": " 1903 ", "205": " Agra ", "206": " Japan ", "207": " North America ", "208": " Ryuk ", "209": " Bunny ", "210": " India ", "211": " Hogwarts School of Witchcraft and Wizardry ", "212": " Shah Jahan ", "213": " Shah Jahan ", "214": " Tsugumi Ohba ", "215": " dinosaurs ", "216": " T. Rex ", "217": " Velociraptor ", "218": " dinosaurs ", "219": " Argentina ", "220": " Steven Spielberg ", "221": " dinosaur ", "222": " Dinosaur ", "223": " Velociraptor ", "224": " Tim Cook ", "225": " 1912 ", "226": " Mohamed Ali Alabbar ", "227": " New York ", "228": " 1999 ", "229": " 1997 ", "230": " 1903 ", "231": " HTC Corporation ", "232": " 1937 ", "233": " 2011 ", "234": " 36 "}