{"4": "National Electronic Funds Transfer ", "9": "512 MB ", "19": "Android TV ", "49": "Microsoft ", "50": "Joe Belfear ", "54": "2 ", "58": " Android ", "68": "8 GB ", "72": "1.2 GHz ka Quad-Core 64 Bit Snapdragon 410 Processor ", "80": "Android ", "88": "Amazon ", "89": "Alexa ek website hain jo Amazon company ki taraf se banayi gyi hain. Alexa Rank veh rank hoti hain", "90": "Amazon ", "107": "2.78 Crore ", "115": "2011 ", "133": "Reliance Geo ", "137": "Microsoft Edge ", "140": "Microsoft Edge ", "166": "8 Megapixel ", "200": "France ", "201": "carrot ", "202": "1945 ", "203": "Japan ", "204": "1903 ", "205": "Agra ", "206": "Japan ", "207": "United States ", "208": "Ryuk ", "209": "Rabbit ", "210": "Indian ", "211": "Hogwarts School of Witchcraft and Wizardry ", "212": "Shah Jahan ", "213": "Shah Jahan ", "214": "Tsugumi Ohba ", "215": "dinosaurs ", "216": " dinosaurs ", "217": " dinosaurs ", "218": "dinosaurs ", "219": "Argentina ", "220": "Michael Crichton ", "221": "dinosaurs ", "222": "dinosaurs ", "223": "dinosaurs ", "224": "Tim Cook ", "225": "1912 ", "226": "Emaar Properties ", "227": "Ontario ", "228": "1999 ", "229": "1997 ", "230": "1903 ", "231": "Taiwan ", "232": "May 27, 1937 ", "233": "2016 ", "234": "6 "}