{"4": "\n\nThe full form of NEFT is National Electronic Funds Transfer.", "9": "\n\n 512 MB", "19": "\n\n Android TV", "49": "\n\nMicrosoft ne 'Continuum' feature launch kiya hai.", "50": "\n\nThe answer is: Joe Belfair.", "54": "\n\nThere are 2 options to get a 4G SIM:\n\n1. Visit an Airtel Store to get a 4G SIM.\n2. Request for a 4G SIM on Airtel's website.", "58": "\n\nThe changes in Hike messenger app were first introduced for Android users. However, it is expected to be launched for iOS users soon, and for Windows users in 2016.", "68": "\n\nAccording to the context, the internal memory of Micromax Yu Yunique is 8 GB, which can be expanded up to 32 GB using a Micro SD card.", "72": ">\n\nAccording to the context, the processor of Micromax Yu Yunique smartphone is a 1.2 GHz Quad-Core 64 Bit Snapdragon 410 Processor.", "80": "\n\nBased on the context, the answer is:\n\n**Android**\n\nThe context suggests that the best smartphone to buy depends on individual preferences and needs. Android is mentioned as a popular option due to its simple and user-friendly interface, making it accessible to a wide range of users. The article highlights the advantages of", "88": "\n\nAlexa is a website ranking system developed by Amazon.", "89": "\n\nAlexa is a website ranking system developed by Amazon. It assigns a ranking to a website based on its popularity and traffic. The ranking is determined by the number of visitors a website receives, and it is measured on a scale of 1 to 100,000,000. The lower the ranking", "90": "\n\nAlexa is a website ranking system developed by Amazon.", "107": "\n\nAccording to the context, there are 2.78 Crore Landline Customers in India.", "115": "\n\nI can answer that!\n\nAccording to the context, Iceland decided to draft its constitution in 2011.", "133": "\n\nThe answer is Mukesh Ambani.", "137": "\n\nMicrosoft ka naye browser ka naam Microsoft Edge hai.", "140": "\n\nMicrosoft ne Internet Explorer ko Microsoft Edge se replace kiya.", "166": "\n\n8 Megapixel", "200": "\n\n Champ de Mars in Paris, France", "201": "\n\nBased on the context, I'd say that Bugs Bunny's favorite food was carrots!", "202": "\n\nAugust 1945", "203": "\n\n Japan", "204": "\n\n 1903", "205": "\n\nAgra", "206": "\n\n Japan", "207": "\n\n North America", "208": ">\n\n Ryuk", "209": "\n\nA classic question!\n\nAccording to the context, Bugs Bunny is a cartoon character, a wisecracking, carrot-loving rabbit.", "210": "\n\n Indian team", "211": "\n\n Hogwarts School of Witchcraft and Wizardry", "212": "\n\n Shah Jahan", "213": "\n\nBased on the context, the answer is:\n\nShah Jahan", "214": "\n\n Tsugumi Ohba", "215": "\n\nBased on the context, I'll answer the question:\n\nJurassic Park film mein dinosaurs ke uddhar hain.", "216": "\n\n Park |end_answer|>", "217": "\n\n Velociraptor", "218": "\n\n Dinosaur", "219": "\n\n Argentina", "220": "\n\nBased on the context, the answer is:\n\nMichael Crichton", "221": "\n\nBased on the context, the answer is:\n\nDinosaurs", "222": "\n\nBased on the context, the answer is:\n\nDinosaurs", "223": "\n\n Velociraptor and Brachiosaurus", "224": "\n\n Tim Cook", "225": "\n\n 1912", "226": "\n\nBased on the context, the answer is:\n\nEmaar Properties", "227": "\n\n Ontario |", "228": "\n\n 1999", "229": "\n\n 1997", "230": "\n\nBased on the context, the answer is:\n\n1903", "231": "\n\nBased on the context, the answer is:\n\nTaiwan", "232": "\n\n May 27, 1937", "233": "\n\nBased on the provided context, I'll answer the question.\n\nThe MacBook Pro was first announced on October 27, 2016, during a press event at Apple's headquarters.", "234": "\n\nBased on the context, I'll answer your question.\n\nThe Rubik's Cube has 6 faces, each with a different color."}